アズサプランニング,0
インサイダーバット,0
スカイボウ,0
クロスボウ,0
スプレー,0
催涙スプレー,0
レーザーポインタ,0
レーザーポインター,0
レーザーポイント,0
熊撃退スプレー,0
隠しカメラ,0
スパイカメラ,0
アイロテック,0
[iI][rR][oO][tT][eE][cC],0
ボウガン,0
ヌンチャク,0
医薬品,0
ゴム銃,0
スリングショット,0
ハイブランド品,0
ウッディプッディ,0
日本能力開発学院,0
ヴィトン,0
ビトン,0
コーチ,0
農薬,0
薬品,0
殺虫剤,0
熊,0
夏目友人帳,0
ニャンコ先生,0
ディズニー,0
カタログ,0
スパイ,0
盗聴,0
精力剤,0
媚薬,0
制服,0
医薬品,0
漢方薬,0
コンタクトレンズ,0
淫行,0
アナル,0
あなる,0
膣,0
ペニス,0
ちんこ,0
チンコ,0
おっぱい,0
オッパイ,0
アダルト,0
浣腸,0
オナホ,0
ローター,0
大人のおもちゃ,0
バイブ,0
バイヴ,0
乳首,0
ステッカー,0
トトロ,0
ジブリ,0
ブランド,0
カセットガス,0
ナイフ,0
ポプテピピック,0
Eredit,0
ねこぶち,0
くろぶち,0
NECIBUCHI,0
Necobuchi,0
ネコブチ,0
クロブチ,0
GlocalMe,0
Ofelia,0
マッサージ,0
パチンコ,0
スリング,0
ファルコン,0
シュプリーム,0
アークテリクス,0
マーキープレイヤー,0
Amazon,0
AMAZON,0
Amazonランキング,0
マスク,0
ティッシュ,0
トイレットペーパー,0
プライム,1
送料無料,1
限定,1
返品,1
返金,1
交換,1
保証,1
保障,1
補償,1
サポート,1
メーカー,1
お問い合わせ,1
年間,1
年,1
ヵ月間,1
ヵ月,1
正規品,1
国内正規品,1
代理店,1
正規,1
賠償,1
責任,1
保険,1
対人賠償責任保険付き,1
正規品,2
国内正規品,2
無断使用,2
転用,2
免責,2
URL,2
url,2
販売,2
カスタマー係,2
TEL,2
E-mail,2
Eメール,2
受付時間,2
販売者,2
受付,2
専売品,2
配送センター,2
賠償,2
電話番号,2
正規販売店,2
有償,2
他出品者,2
事業者,2
図は,2
破損,2
故障,2
アカウント,2
カスタマー,2
カスタマ,2
商品の説明をすべて表示する,2
参考情報,2
画像を拡大表示する,2
サクラレビュー,2
レビュー,2
レビュアー,2
郵便,2
発送,2
配達,2
宅配,2
宅急便,2
代引,2
代引き,2
画像は,2
メール,2
代替品,2
利用規約,2
ご住所,2
ご連絡先,2
注文,2
受け取り,2
振込,2
欠品,2
納期,2
在庫切れ,2
自社都合,2
損失,2
損害,2
お電話,2
当店,2
対応致します,2
購入,2
営業日,2
模倣品,2
類似品,2
アフターサービス,2
万が一,2
連絡してください,2
当ストア,2
弊社製品,2
責任,2
ご不明な点,2
お取り寄せ,2
ご了承,2
お届け,2
アウトレット,2
ご提供,2
お客様,2
弊社,2
登録商標,2
出品者,2
偽物,2
スッタフ,2
取り寄せ,2
取寄せ,2
サーポート,2
無料交換,2
ブランド,2
検品,2
商品の説明,2
検品,2
もっと読む,2
弊店,2
Email,2
連絡お願い,2
以下に適合します,2
モデル番号を入力してください,2
これが適合するか確認：,2