カテゴリId,商品タイトル,商品テキスト,開始価格,即決価格,個数,開催期間,終了時間,画像1の名前,画像１のコメント,画像2,画像2のコメント,画像3,画像3のコメント,発送元の都道府県,発送元の市町村,送料負担,代金支払い,Yahoo簡単決済,銀行振り込み,簡単取引,銀行ID1,銀行ID2,銀行ID3,銀行ID4,銀行ID5,銀行ID6,銀行ID7,銀行ID8,銀行ID9,銀行ID10,商品の状態,商品の状態備考,返品の可否,返品の可否備考,入札者評価制限,悪い評価の割合での制限,入札者認証制限,自動延長,早期終了,値下げ交渉,自動再出品,自動値下げ,自動値下げ価格変更率,最低落札価格,注目のオークション,太字テキスト,背景色,目立ちアイコン,贈答品アイコン,送料固定,荷物の大きさ,荷物の重量,ネコポス,ネコ宅急便コンパクト,ネコ宅急便,ゆうパケット,ゆうパック,はこBOON,はこBOON一律送料,はこBOON北海道料金,はこBOON沖縄料金,はこBOON離島料金,はこBOON離島料金,はこBOONmini,発送元店舗,発送までの日数,発送方法1,配送方法1全国一律価格,北海道料金1,沖縄料金1,離島料金1,発送方法2,配送方法2全国一律価格,北海道料金2,沖縄料金2,離島料金2,発送方法3,配送方法3全国一律価格,北海道料金3,沖縄料金3,離島料金3,発送方法4,配送方法4全国一律価格,北海道料金4,沖縄料金4,離島料金4,発送方法5,配送方法5全国一律価格,北海道料金5,沖縄料金5,離島料金5,離島料金5,発送方法6,配送方法6全国一律価格,北海道料金6,沖縄料金6,離島料金6,発送方法7,配送方法7全国一律価格,北海道料金7,沖縄料金7,離島料金7,発送方法8,配送方法8全国一律価格,北海道料金8,沖縄料金8,離島料金8,発送方法9,配送方法9全国一律価格,北海道料金9,沖縄料金9,離島料金9,発送方法10,配送方法10全国一律価格,北海道料金10,沖縄料金10,離島料金10,受け取り後決済サービス,海外発送,アフィリエイト,アフィリエイト報酬率,出品者情報開示前チェック
2084063264,GamachaTowel 22色から選ぶフェイスタオル10枚セット (ブラウン) 綿100% 薄手,<center><br><font size="4" color="#CC3333">GamachaTowel 22色から選ぶフェイスタオル10枚セット (ブラウン) 綿100% 薄手</font><table width="600"><tbody><tr><td width="3%"><br></td><td width="27%"><br></td><td width="67%"><br></td><td width="3%"><br></td></tr><tr><td colspan="3" bgcolor="#CC3333"><font color="#FFFFCC" size="3"><b> 商品説明</b></font></td><tr><td colspan="4" height="10"><br></td></tr><td><br></td><td colspan="2" align="left"><font color="#000000" size="2"><div>ブラウン<br>【商品詳細】　サイズ ： 約34×80ｃｍ 、 1枚あたりの重量 ： 65ｇ(210匁) 、 材質 ： 綿 100％ 、 原産国 ： バングラデシュ 、 セット内容 ： ブラウン10枚セット<br>【家庭用タオル】　薄手で使い勝手の良いフェイスタオルです。パイルが短く、生地がしっかりしているので薄くて丈夫なタオルです。レジャーやスポーツジムなど外出の時も、かさばらず、持ち運びしやすいです。たくさん使って！たくさん洗濯して！といった方にオススメのタオルです。<br>【優れた吸水性と速乾性】日常生活のキッチン・バス周りやお仕事の汗拭きタオルなどに最適なタオルです。生地がしっかりしているのでガンガン洗濯しても、へたれません。また、薄手なので乾きが早く、洗濯後の生乾きの臭いが起きにくいです。（早く乾くことでにおいの原因となる細菌の繁殖を抑えます。）<br></div></font></td></tr><tr><td colspan="3" bgcolor="#CC3333"><font color="#FFFFCC" size="3"><b> 支払い詳細</b></font></td><tr><td colspan="4" height="10"><br></td></tr><td><br></td><td colspan="2" align="left"><font color="#000000" size="2"><div><br>【お支払い方法】 Yahoo!かんたん決済【支払い代金】 落札価格 ＋ 送料<br>　※ 銀行振込希望の方は、Yahoo!かんたん決済の銀行振り込みをご利用ください。<br>　※ 直接の銀行振込みは、お断りしております。</div></font></td></tr><tr><td colspan="3" bgcolor="#CC3333"><font color="#FFFFCC" size="3"><b> 発送詳細</b></font></td><tr><td colspan="4" height="10"><br></td></tr><td><br></td><td colspan="2" align="left"><font color="#000000" size="2"><div><br>【送料】 ★ 全国一律料金 ★<br>【発送までの日数】 お支払い完了後 1～2日で発送いたします。<br>【配送業者】 主にヤマト運輸、日本郵便、佐川急便から発送いたします。また別の業者を使うこともあります。<br></div></font></td></tr><tr><td colspan="3" bgcolor="#CC3333"><font color="#FFFFCC" size="3"><b> 注意事項 ★必ずご確認ください★</b></font></td><tr><td colspan="4" height="10"><br></td></tr><td><br></td><td colspan="2" align="left"><font color="#000000" size="2"><div><br>・質問、メッセージの回答は夜になることが多いです。<br>・手渡しは対応しておりません。<br>・商品によって業者を変えるため【センター留め】【郵便局留め】は対応できません。<br>・領収書の同梱は対応しておりません。<br>・まとめて取引は、トラブルが多いためお断りしております。<br>・不具合以外での返品・交換は対応しておりません。<br>・Yahoo!かんたん決済の支払期限を過ぎた場合、落札者都合のキャンセルをいたします</div></font></td></tr></tbody></table></center>,2800,,1,1,22,1,,,,,,東京都,,出品者,先払い,はい,いいえ,はい,,,,,,,,,,,未使用に近い,,返品不可,,いいえ,いいえ,いいえ,はい,はい,いいえ,3,いいえ,,,,いいえ,いいえ,,いいえ,はい,,,いいえ,いいえ,いいえ,いいえ,いいえ,いいえ,,,,,,いいえ,,3日〜6日,配送委託会社にて一律料金,0,,,,,,,,,,,,,,,,,,,,,,,,,,,,,,,,,,,,,,,,,,,,,,,,,,いいえ,いいえ,いいえ,,いいえ
2084006330,tkone フェイスタオルマイクロファイバー タオル 34*80cm 6枚セット 高速吸水 速乾 耐久性 人気 タオル ふわふわ 肌触り抜群(6色6枚セット),<center><br><font size="4" color="#CC3333">tkone フェイスタオルマイクロファイバー タオル 34*80cm 6枚セット 高速吸水 速乾 耐久性 人気 タオル ふわふわ 肌触り抜群(6色6枚セット)</font><table width="600"><tbody><tr><td width="3%"><br></td><td width="27%"><br></td><td width="67%"><br></td><td width="3%"><br></td></tr><tr><td colspan="3" bgcolor="#CC3333"><font color="#FFFFCC" size="3"><b> 商品説明</b></font></td><tr><td colspan="4" height="10"><br></td></tr><td><br></td><td colspan="2" align="left"><font color="#000000" size="2"><div>フェイスタオル/6枚 フェイスタオル(34*80cm)<br>【tkone フェイスタオル 6枚セット】素材：瞬間吸水 速乾 マイクロファイバー　サイズ・重さ：フェイスタオル 約34×80cm・約90g　セット内容：フェイスタオル 同色6枚、またはアソートメント6枚（ブルー1枚＋グレー1枚+ホワイト1枚+ベージュ1枚+ピンク1枚+ミストブルー1枚）<br>【優れた吸水性】マイクロファイバー製で、綿の4倍もの吸水性を誇ります。マイクロファイバーは1本1本に無数の隙間があり、その隙間に大量の水分を素早く吸水します。髪と体を瞬時に乾かすことができます。<br>【驚きの速乾力】吸水性に優れている素材は、得てして速乾性にも優れているです。tkone のタオルは全体的に細かいすきまが入っています。このすきまに水が入り込んで、体と髪の毛から水分を吸い取ってくれるんです。すきまが多いということは、一度入った水分も、早く蒸発しやすいのです。つまり、このタオルは水分が移動しやすいために速乾性があるタオルです。生乾きのニオイは雑菌の繁殖が原因です。乾きが早いから生乾きがなく、ニオイの原因である雑菌の繁殖を抑えてくれます。<br>【肌触りがいい】ソフトでよりふんわりとした質感で、普通のタオルよりも毛足が長く、なめらかで優しい肌触りです。細番手の上質糸を使用し、繊細な柔らかさが生まれて、毛羽落ちることがほとんどないです。タオルは毛が抜けないので、使用する時に毛が抜ける困りを防ぎます。毎回お肌に触れるたびにもっと純粋にします。毛抜けの面倒と別れを告げます。<br></div></font></td></tr><tr><td colspan="3" bgcolor="#CC3333"><font color="#FFFFCC" size="3"><b> 支払い詳細</b></font></td><tr><td colspan="4" height="10"><br></td></tr><td><br></td><td colspan="2" align="left"><font color="#000000" size="2"><div><br>【お支払い方法】 Yahoo!かんたん決済【支払い代金】 落札価格 ＋ 送料<br>　※ 銀行振込希望の方は、Yahoo!かんたん決済の銀行振り込みをご利用ください。<br>　※ 直接の銀行振込みは、お断りしております。</div></font></td></tr><tr><td colspan="3" bgcolor="#CC3333"><font color="#FFFFCC" size="3"><b> 発送詳細</b></font></td><tr><td colspan="4" height="10"><br></td></tr><td><br></td><td colspan="2" align="left"><font color="#000000" size="2"><div><br>【送料】 ★ 全国一律料金 ★<br>【発送までの日数】 お支払い完了後 1～2日で発送いたします。<br>【配送業者】 主にヤマト運輸、日本郵便、佐川急便から発送いたします。また別の業者を使うこともあります。<br></div></font></td></tr><tr><td colspan="3" bgcolor="#CC3333"><font color="#FFFFCC" size="3"><b> 注意事項 ★必ずご確認ください★</b></font></td><tr><td colspan="4" height="10"><br></td></tr><td><br></td><td colspan="2" align="left"><font color="#000000" size="2"><div><br>・質問、メッセージの回答は夜になることが多いです。<br>・手渡しは対応しておりません。<br>・商品によって業者を変えるため【センター留め】【郵便局留め】は対応できません。<br>・領収書の同梱は対応しておりません。<br>・まとめて取引は、トラブルが多いためお断りしております。<br>・不具合以外での返品・交換は対応しておりません。<br>・Yahoo!かんたん決済の支払期限を過ぎた場合、落札者都合のキャンセルをいたします</div></font></td></tr></tbody></table></center>,3560,,1,1,22,2,,,,,,東京都,,出品者,先払い,はい,いいえ,はい,,,,,,,,,,,未使用に近い,,返品不可,,いいえ,いいえ,いいえ,はい,はい,いいえ,3,いいえ,,,,いいえ,いいえ,,いいえ,はい,,,いいえ,いいえ,いいえ,いいえ,いいえ,いいえ,,,,,,いいえ,,3日〜6日,配送委託会社にて一律料金,0,,,,,,,,,,,,,,,,,,,,,,,,,,,,,,,,,,,,,,,,,,,,,,,,,,いいえ,いいえ,いいえ,,いいえ
2084006330,TANGONO 今治タオル 驚きの柔らかさ [ フェイスタオル 4色セット ] 34×80cm (カラーベース) 速乾 吸水 オーガニック 日本製 ギフト,<center><br><font size="4" color="#CC3333">TANGONO 今治タオル 驚きの柔らかさ [ フェイスタオル 4色セット ] 34×80cm (カラーベース) 速乾 吸水 オーガニック 日本製 ギフト</font><table width="600"><tbody><tr><td width="3%"><br></td><td width="27%"><br></td><td width="67%"><br></td><td width="3%"><br></td></tr><tr><td colspan="3" bgcolor="#CC3333"><font color="#FFFFCC" size="3"><b> 商品説明</b></font></td><tr><td colspan="4" height="10"><br></td></tr><td><br></td><td colspan="2" align="left"><font color="#000000" size="2"><div>今治タオルブランドマーク付き カラーベース<br>【MADE in 今治】タオル名産地「愛媛県・今治市」で誕生した吸水性抜群の生地のフェイスタオル。「世界一」の呼び声高い今治産タオル、「日本の職人」にしか作れない、湿気の多い日本だからこそ発達したタオル技術の粋を詰め込んだ「今治産タオル」は海外からも大きな支持を得ている。<br>【吸水性バツグン】今治の高品質な機械、職人の手で織られたタオルは、温かみのある柔らかさが特徴。コップ一杯分ほど吸水する高い吸水性を持ち、全身を優しい肌ざわりで拭えます。一度触れると虜になるほどの柔軟性が、爆発的なリピートを生み続けています。<br>【高品質 今治タオル】高速織機で大量生産しない、ゆっくり時間をかけて織ったからこそ出せる風合い。毎日使い、直接肌に触れるものだからこそ安心で気持ちよく使えるよう心を込めて作っています。<br>【商品の仕様】サイズ：34cm×80cm　一般的なフェイスタオルと同等のサイズです。オシャレなボーダー柄で今風にアレンジ<br></div></font></td></tr><tr><td colspan="3" bgcolor="#CC3333"><font color="#FFFFCC" size="3"><b> 支払い詳細</b></font></td><tr><td colspan="4" height="10"><br></td></tr><td><br></td><td colspan="2" align="left"><font color="#000000" size="2"><div><br>【お支払い方法】 Yahoo!かんたん決済【支払い代金】 落札価格 ＋ 送料<br>　※ 銀行振込希望の方は、Yahoo!かんたん決済の銀行振り込みをご利用ください。<br>　※ 直接の銀行振込みは、お断りしております。</div></font></td></tr><tr><td colspan="3" bgcolor="#CC3333"><font color="#FFFFCC" size="3"><b> 発送詳細</b></font></td><tr><td colspan="4" height="10"><br></td></tr><td><br></td><td colspan="2" align="left"><font color="#000000" size="2"><div><br>【送料】 ★ 全国一律料金 ★<br>【発送までの日数】 お支払い完了後 1～2日で発送いたします。<br>【配送業者】 主にヤマト運輸、日本郵便、佐川急便から発送いたします。また別の業者を使うこともあります。<br></div></font></td></tr><tr><td colspan="3" bgcolor="#CC3333"><font color="#FFFFCC" size="3"><b> 注意事項 ★必ずご確認ください★</b></font></td><tr><td colspan="4" height="10"><br></td></tr><td><br></td><td colspan="2" align="left"><font color="#000000" size="2"><div><br>・質問、メッセージの回答は夜になることが多いです。<br>・手渡しは対応しておりません。<br>・商品によって業者を変えるため【センター留め】【郵便局留め】は対応できません。<br>・領収書の同梱は対応しておりません。<br>・まとめて取引は、トラブルが多いためお断りしております。<br>・不具合以外での返品・交換は対応しておりません。<br>・Yahoo!かんたん決済の支払期限を過ぎた場合、落札者都合のキャンセルをいたします</div></font></td></tr></tbody></table></center>,3960,,1,1,22,3,,,,,,東京都,,出品者,先払い,はい,いいえ,はい,,,,,,,,,,,未使用に近い,,返品不可,,いいえ,いいえ,いいえ,はい,はい,いいえ,3,いいえ,,,,いいえ,いいえ,,いいえ,はい,,,いいえ,いいえ,いいえ,いいえ,いいえ,いいえ,,,,,,いいえ,,3日〜6日,配送委託会社にて一律料金,0,,,,,,,,,,,,,,,,,,,,,,,,,,,,,,,,,,,,,,,,,,,,,,,,,,いいえ,いいえ,いいえ,,いいえ
2084006330,今治タオル 業務用 フェイスタオル 3枚組 エムカラー 34x86cm エステサロン用 全100色 軽量薄手 部屋干し 吸水速乾 (No.42 ローズ) mc-ft3,<center><br><font size="4" color="#CC3333">今治タオル 業務用 フェイスタオル 3枚組 エムカラー 34x86cm エステサロン用 全100色 軽量薄手 部屋干し 吸水速乾 (No.42 ローズ) mc-ft3</font><table width="600"><tbody><tr><td width="3%"><br></td><td width="27%"><br></td><td width="67%"><br></td><td width="3%"><br></td></tr><tr><td colspan="3" bgcolor="#CC3333"><font color="#FFFFCC" size="3"><b> 商品説明</b></font></td><tr><td colspan="4" height="10"><br></td></tr><td><br></td><td colspan="2" align="left"><font color="#000000" size="2"><div><br>【エムカラー 全100色】エステサロン用に豊富なカラーバリエーションで作られた、やや薄手のフェイスタオルです。綿100%のやわらかな生地で吸水性がよく、日常の生活で扱いやすいタオルです。部屋干しにも適した速乾性の高いタオルですので、夏のレジャーシーンをはじめ、アウトドアや旅行のお供にも最適です。<br>【カラー】No.42 ローズ　３枚セット【フェイスタオルサイズ】約34x86cm、最高級綿100%<br>今治タオル認定フェイスタオル（日本製・今治産）<br></div></font></td></tr><tr><td colspan="3" bgcolor="#CC3333"><font color="#FFFFCC" size="3"><b> 支払い詳細</b></font></td><tr><td colspan="4" height="10"><br></td></tr><td><br></td><td colspan="2" align="left"><font color="#000000" size="2"><div><br>【お支払い方法】 Yahoo!かんたん決済【支払い代金】 落札価格 ＋ 送料<br>　※ 銀行振込希望の方は、Yahoo!かんたん決済の銀行振り込みをご利用ください。<br>　※ 直接の銀行振込みは、お断りしております。</div></font></td></tr><tr><td colspan="3" bgcolor="#CC3333"><font color="#FFFFCC" size="3"><b> 発送詳細</b></font></td><tr><td colspan="4" height="10"><br></td></tr><td><br></td><td colspan="2" align="left"><font color="#000000" size="2"><div><br>【送料】 ★ 全国一律料金 ★<br>【発送までの日数】 お支払い完了後 1～2日で発送いたします。<br>【配送業者】 主にヤマト運輸、日本郵便、佐川急便から発送いたします。また別の業者を使うこともあります。<br></div></font></td></tr><tr><td colspan="3" bgcolor="#CC3333"><font color="#FFFFCC" size="3"><b> 注意事項 ★必ずご確認ください★</b></font></td><tr><td colspan="4" height="10"><br></td></tr><td><br></td><td colspan="2" align="left"><font color="#000000" size="2"><div><br>・質問、メッセージの回答は夜になることが多いです。<br>・手渡しは対応しておりません。<br>・商品によって業者を変えるため【センター留め】【郵便局留め】は対応できません。<br>・領収書の同梱は対応しておりません。<br>・まとめて取引は、トラブルが多いためお断りしております。<br>・不具合以外での返品・交換は対応しておりません。<br>・Yahoo!かんたん決済の支払期限を過ぎた場合、落札者都合のキャンセルをいたします</div></font></td></tr></tbody></table></center>,2960,,1,1,22,4,,,,,,東京都,,出品者,先払い,はい,いいえ,はい,,,,,,,,,,,未使用に近い,,返品不可,,いいえ,いいえ,いいえ,はい,はい,いいえ,3,いいえ,,,,いいえ,いいえ,,いいえ,はい,,,いいえ,いいえ,いいえ,いいえ,いいえ,いいえ,,,,,,いいえ,,3日〜6日,配送委託会社にて一律料金,0,,,,,,,,,,,,,,,,,,,,,,,,,,,,,,,,,,,,,,,,,,,,,,,,,,いいえ,いいえ,いいえ,,いいえ
2084006333,kosugizen フェイスタオル 10色 34×80㎝ 徳用カラータオル 10枚入,<center><br><font size="4" color="#CC3333">kosugizen フェイスタオル 10色 34×80㎝ 徳用カラータオル 10枚入</font><table width="600"><tbody><tr><td width="3%"><br></td><td width="27%"><br></td><td width="67%"><br></td><td width="3%"><br></td></tr><tr><td colspan="3" bgcolor="#CC3333"><font color="#FFFFCC" size="3"><b> 商品説明</b></font></td><tr><td colspan="4" height="10"><br></td></tr><td><br></td><td colspan="2" align="left"><font color="#000000" size="2"><div>単品 徳用カラータオル10色組<br>【フェイスタオル10枚セット】サイズ:約34×80cm<br>素材:綿100%<br>生産国:中国<br>重量:約62g<br>カラー:10色各1枚<br></div></font></td></tr><tr><td colspan="3" bgcolor="#CC3333"><font color="#FFFFCC" size="3"><b> 支払い詳細</b></font></td><tr><td colspan="4" height="10"><br></td></tr><td><br></td><td colspan="2" align="left"><font color="#000000" size="2"><div><br>【お支払い方法】 Yahoo!かんたん決済【支払い代金】 落札価格 ＋ 送料<br>　※ 銀行振込希望の方は、Yahoo!かんたん決済の銀行振り込みをご利用ください。<br>　※ 直接の銀行振込みは、お断りしております。</div></font></td></tr><tr><td colspan="3" bgcolor="#CC3333"><font color="#FFFFCC" size="3"><b> 発送詳細</b></font></td><tr><td colspan="4" height="10"><br></td></tr><td><br></td><td colspan="2" align="left"><font color="#000000" size="2"><div><br>【送料】 ★ 全国一律料金 ★<br>【発送までの日数】 お支払い完了後 1～2日で発送いたします。<br>【配送業者】 主にヤマト運輸、日本郵便、佐川急便から発送いたします。また別の業者を使うこともあります。<br></div></font></td></tr><tr><td colspan="3" bgcolor="#CC3333"><font color="#FFFFCC" size="3"><b> 注意事項 ★必ずご確認ください★</b></font></td><tr><td colspan="4" height="10"><br></td></tr><td><br></td><td colspan="2" align="left"><font color="#000000" size="2"><div><br>・質問、メッセージの回答は夜になることが多いです。<br>・手渡しは対応しておりません。<br>・商品によって業者を変えるため【センター留め】【郵便局留め】は対応できません。<br>・領収書の同梱は対応しておりません。<br>・まとめて取引は、トラブルが多いためお断りしております。<br>・不具合以外での返品・交換は対応しておりません。<br>・Yahoo!かんたん決済の支払期限を過ぎた場合、落札者都合のキャンセルをいたします</div></font></td></tr></tbody></table></center>,2750,,1,1,22,5,,,,,,東京都,,出品者,先払い,はい,いいえ,はい,,,,,,,,,,,未使用に近い,,返品不可,,いいえ,いいえ,いいえ,はい,はい,いいえ,3,いいえ,,,,いいえ,いいえ,,いいえ,はい,,,いいえ,いいえ,いいえ,いいえ,いいえ,いいえ,,,,,,いいえ,,3日〜6日,配送委託会社にて一律料金,0,,,,,,,,,,,,,,,,,,,,,,,,,,,,,,,,,,,,,,,,,,,,,,,,,,いいえ,いいえ,いいえ,,いいえ
2084006330,今治タオル 業務用 フェイスタオル 3枚組 エムカラー 34x86cm エステサロン用 全100色 軽量薄手 部屋干し 吸水速乾 (No.23 ライトブルー) mc-ft3,<center><br><font size="4" color="#CC3333">今治タオル 業務用 フェイスタオル 3枚組 エムカラー 34x86cm エステサロン用 全100色 軽量薄手 部屋干し 吸水速乾 (No.23 ライトブルー) mc-ft3</font><table width="600"><tbody><tr><td width="3%"><br></td><td width="27%"><br></td><td width="67%"><br></td><td width="3%"><br></td></tr><tr><td colspan="3" bgcolor="#CC3333"><font color="#FFFFCC" size="3"><b> 商品説明</b></font></td><tr><td colspan="4" height="10"><br></td></tr><td><br></td><td colspan="2" align="left"><font color="#000000" size="2"><div><br>【エムカラー 全100色】エステサロン用に豊富なカラーバリエーションで作られた、やや薄手のフェイスタオルです。綿100%のやわらかな生地で吸水性がよく、日常の生活で扱いやすいタオルです。部屋干しにも適した速乾性の高いタオルですので、夏のレジャーシーンをはじめ、アウトドアや旅行のお供にも最適です。<br>【カラー】No.23 ライトブルー　３枚セット【フェイスタオルサイズ】約34x86cm、最高級綿100%<br>今治タオル認定フェイスタオル（日本製・今治産）<br></div></font></td></tr><tr><td colspan="3" bgcolor="#CC3333"><font color="#FFFFCC" size="3"><b> 支払い詳細</b></font></td><tr><td colspan="4" height="10"><br></td></tr><td><br></td><td colspan="2" align="left"><font color="#000000" size="2"><div><br>【お支払い方法】 Yahoo!かんたん決済【支払い代金】 落札価格 ＋ 送料<br>　※ 銀行振込希望の方は、Yahoo!かんたん決済の銀行振り込みをご利用ください。<br>　※ 直接の銀行振込みは、お断りしております。</div></font></td></tr><tr><td colspan="3" bgcolor="#CC3333"><font color="#FFFFCC" size="3"><b> 発送詳細</b></font></td><tr><td colspan="4" height="10"><br></td></tr><td><br></td><td colspan="2" align="left"><font color="#000000" size="2"><div><br>【送料】 ★ 全国一律料金 ★<br>【発送までの日数】 お支払い完了後 1～2日で発送いたします。<br>【配送業者】 主にヤマト運輸、日本郵便、佐川急便から発送いたします。また別の業者を使うこともあります。<br></div></font></td></tr><tr><td colspan="3" bgcolor="#CC3333"><font color="#FFFFCC" size="3"><b> 注意事項 ★必ずご確認ください★</b></font></td><tr><td colspan="4" height="10"><br></td></tr><td><br></td><td colspan="2" align="left"><font color="#000000" size="2"><div><br>・質問、メッセージの回答は夜になることが多いです。<br>・手渡しは対応しておりません。<br>・商品によって業者を変えるため【センター留め】【郵便局留め】は対応できません。<br>・領収書の同梱は対応しておりません。<br>・まとめて取引は、トラブルが多いためお断りしております。<br>・不具合以外での返品・交換は対応しておりません。<br>・Yahoo!かんたん決済の支払期限を過ぎた場合、落札者都合のキャンセルをいたします</div></font></td></tr></tbody></table></center>,2960,,1,1,22,6,,,,,,東京都,,出品者,先払い,はい,いいえ,はい,,,,,,,,,,,未使用に近い,,返品不可,,いいえ,いいえ,いいえ,はい,はい,いいえ,3,いいえ,,,,いいえ,いいえ,,いいえ,はい,,,いいえ,いいえ,いいえ,いいえ,いいえ,いいえ,,,,,,いいえ,,3日〜6日,配送委託会社にて一律料金,0,,,,,,,,,,,,,,,,,,,,,,,,,,,,,,,,,,,,,,,,,,,,,,,,,,いいえ,いいえ,いいえ,,いいえ
2084006330,白タオル 業務用 泉州フェイスタオル 260匁 10枚セット ホワイト 日本製 泉州タオル 瞬間吸水 速乾,<center><br><font size="4" color="#CC3333">白タオル 業務用 泉州フェイスタオル 260匁 10枚セット ホワイト 日本製 泉州タオル 瞬間吸水 速乾</font><table width="600"><tbody><tr><td width="3%"><br></td><td width="27%"><br></td><td width="67%"><br></td><td width="3%"><br></td></tr><tr><td colspan="3" bgcolor="#CC3333"><font color="#FFFFCC" size="3"><b> 商品説明</b></font></td><tr><td colspan="4" height="10"><br></td></tr><td><br></td><td colspan="2" align="left"><font color="#000000" size="2"><div>ホワイト<br>【フェイスタオル 10枚セット】生産地：日本（泉州タオル）　素材：綿100％　サイズ・重さ：約34cm×90cm・260匁（約82g）　カラー：ホワイト、モカ、ダークブラウン、ブルーグレー、ブラック、モスピンク、ライトグレー　セット内容：フェイスタオル 10枚　※タグは仕様が異なる場合があります。<br>【日本製 泉州タオル】大阪泉佐野工場で織り、和泉山脈の天然水で洗い上げた泉州タオルです。タオルを織り上げてから水洗いや染色を行う泉州タオル独自の後晒製法により、使い始めから柔らかな肌触りと吸水性の良さを感じていただけます。外国製タオルが主流の昨今、身近なものだからこそこだわりたい日本製タオルです。<br>【工場直販のお値打ちセット】昔ながらの使いやすさの泉州産タオル。厳選した綿花を丁寧に織り上げていますので耐久性も違います！飲食店、美容院、エステ、マッサージ、ホテル、病院、介護など業務用に最適ですが、ご家庭用としてもおすすめです。　※タグは仕様が異なる場合があります。<br>【抜群の吸水性】触れた瞬間に水気を吸い取る優れた吸水力を下ろしたてから実感頂けます。キッチンタオルや洗顔用のタオル、お風呂上がりの体用にもお使いいただけます。<br>【柔らか＆速乾】届いたときには薄く感じると思いますが、繊細なパイルが洗うごとに空気を含み、ふんわりとしてきます。乾きやすい適度な厚みで、毎日使える丈夫なタオルです。<br></div></font></td></tr><tr><td colspan="3" bgcolor="#CC3333"><font color="#FFFFCC" size="3"><b> 支払い詳細</b></font></td><tr><td colspan="4" height="10"><br></td></tr><td><br></td><td colspan="2" align="left"><font color="#000000" size="2"><div><br>【お支払い方法】 Yahoo!かんたん決済【支払い代金】 落札価格 ＋ 送料<br>　※ 銀行振込希望の方は、Yahoo!かんたん決済の銀行振り込みをご利用ください。<br>　※ 直接の銀行振込みは、お断りしております。</div></font></td></tr><tr><td colspan="3" bgcolor="#CC3333"><font color="#FFFFCC" size="3"><b> 発送詳細</b></font></td><tr><td colspan="4" height="10"><br></td></tr><td><br></td><td colspan="2" align="left"><font color="#000000" size="2"><div><br>【送料】 ★ 全国一律料金 ★<br>【発送までの日数】 お支払い完了後 1～2日で発送いたします。<br>【配送業者】 主にヤマト運輸、日本郵便、佐川急便から発送いたします。また別の業者を使うこともあります。<br></div></font></td></tr><tr><td colspan="3" bgcolor="#CC3333"><font color="#FFFFCC" size="3"><b> 注意事項 ★必ずご確認ください★</b></font></td><tr><td colspan="4" height="10"><br></td></tr><td><br></td><td colspan="2" align="left"><font color="#000000" size="2"><div><br>・質問、メッセージの回答は夜になることが多いです。<br>・手渡しは対応しておりません。<br>・商品によって業者を変えるため【センター留め】【郵便局留め】は対応できません。<br>・領収書の同梱は対応しておりません。<br>・まとめて取引は、トラブルが多いためお断りしております。<br>・不具合以外での返品・交換は対応しておりません。<br>・Yahoo!かんたん決済の支払期限を過ぎた場合、落札者都合のキャンセルをいたします</div></font></td></tr></tbody></table></center>,3150,,1,1,22,7,,,,,,東京都,,出品者,先払い,はい,いいえ,はい,,,,,,,,,,,未使用に近い,,返品不可,,いいえ,いいえ,いいえ,はい,はい,いいえ,3,いいえ,,,,いいえ,いいえ,,いいえ,はい,,,いいえ,いいえ,いいえ,いいえ,いいえ,いいえ,,,,,,いいえ,,3日〜6日,配送委託会社にて一律料金,0,,,,,,,,,,,,,,,,,,,,,,,,,,,,,,,,,,,,,,,,,,,,,,,,,,いいえ,いいえ,いいえ,,いいえ
2084006330,LEEPWEI バスタオル 3枚セット ふわふわ 大判 綿100％ 吸水抜群 ホテル仕様 タオル 柔らか肌触り 吸水速乾 重さ約360g枚 70＊140 （ホワイト ブルー グレー）,<center><br><font size="4" color="#CC3333">LEEPWEI バスタオル 3枚セット ふわふわ 大判 綿100％ 吸水抜群 ホテル仕様 タオル 柔らか肌触り 吸水速乾 重さ約360g枚 70＊140 （ホワイト ブルー グレー）</font><table width="600"><tbody><tr><td width="3%"><br></td><td width="27%"><br></td><td width="67%"><br></td><td width="3%"><br></td></tr><tr><td colspan="3" bgcolor="#CC3333"><font color="#FFFFCC" size="3"><b> 商品説明</b></font></td><tr><td colspan="4" height="10"><br></td></tr><td><br></td><td colspan="2" align="left"><font color="#000000" size="2"><div>バスタオルa(3色) バスタオル<br></div></font></td></tr><tr><td colspan="3" bgcolor="#CC3333"><font color="#FFFFCC" size="3"><b> 支払い詳細</b></font></td><tr><td colspan="4" height="10"><br></td></tr><td><br></td><td colspan="2" align="left"><font color="#000000" size="2"><div><br>【お支払い方法】 Yahoo!かんたん決済【支払い代金】 落札価格 ＋ 送料<br>　※ 銀行振込希望の方は、Yahoo!かんたん決済の銀行振り込みをご利用ください。<br>　※ 直接の銀行振込みは、お断りしております。</div></font></td></tr><tr><td colspan="3" bgcolor="#CC3333"><font color="#FFFFCC" size="3"><b> 発送詳細</b></font></td><tr><td colspan="4" height="10"><br></td></tr><td><br></td><td colspan="2" align="left"><font color="#000000" size="2"><div><br>【送料】 ★ 全国一律料金 ★<br>【発送までの日数】 お支払い完了後 1～2日で発送いたします。<br>【配送業者】 主にヤマト運輸、日本郵便、佐川急便から発送いたします。また別の業者を使うこともあります。<br></div></font></td></tr><tr><td colspan="3" bgcolor="#CC3333"><font color="#FFFFCC" size="3"><b> 注意事項 ★必ずご確認ください★</b></font></td><tr><td colspan="4" height="10"><br></td></tr><td><br></td><td colspan="2" align="left"><font color="#000000" size="2"><div><br>・質問、メッセージの回答は夜になることが多いです。<br>・手渡しは対応しておりません。<br>・商品によって業者を変えるため【センター留め】【郵便局留め】は対応できません。<br>・領収書の同梱は対応しておりません。<br>・まとめて取引は、トラブルが多いためお断りしております。<br>・不具合以外での返品・交換は対応しておりません。<br>・Yahoo!かんたん決済の支払期限を過ぎた場合、落札者都合のキャンセルをいたします</div></font></td></tr></tbody></table></center>,4020,,1,1,22,8,,,,,,東京都,,出品者,先払い,はい,いいえ,はい,,,,,,,,,,,未使用に近い,,返品不可,,いいえ,いいえ,いいえ,はい,はい,いいえ,3,いいえ,,,,いいえ,いいえ,,いいえ,はい,,,いいえ,いいえ,いいえ,いいえ,いいえ,いいえ,,,,,,いいえ,,3日〜6日,配送委託会社にて一律料金,0,,,,,,,,,,,,,,,,,,,,,,,,,,,,,,,,,,,,,,,,,,,,,,,,,,いいえ,いいえ,いいえ,,いいえ
2084063264,冷却タオル スポーツタオル 瞬冷タイプ 熱中症対策 速乾 吸水性抜群 抗菌防臭 ひんやり感 UVカット アウトドア 山登り ジョギング 部活 運動会 ジム ヨガ 旅行超冷感(3枚セット),<center><br><font size="4" color="#CC3333">冷却タオル スポーツタオル 瞬冷タイプ 熱中症対策 速乾 吸水性抜群 抗菌防臭 ひんやり感 UVカット アウトドア 山登り ジョギング 部活 運動会 ジム ヨガ 旅行超冷感(3枚セット)</font><table width="600"><tbody><tr><td width="3%"><br></td><td width="27%"><br></td><td width="67%"><br></td><td width="3%"><br></td></tr><tr><td colspan="3" bgcolor="#CC3333"><font color="#FFFFCC" size="3"><b> 商品説明</b></font></td><tr><td colspan="4" height="10"><br></td></tr><td><br></td><td colspan="2" align="left"><font color="#000000" size="2"><div><br>【UVカット効果･アウトドア 】 UVカット率98％で真夏の強い日差しからお肌を守ってくれるので、頭や肩から掛けて身体を冷やしつつ、日焼け防止もできます。<br>【吸水性抜群･速乾】 吸水性が非常に高いためスポーツ用汗拭きタオルとしても使えます。たっぷり汗をかいても安心します。水分の蒸発 速度も他の材質のタオルよりはるかに優れています。<br>【抗菌防臭･洗濯可能】 抗菌と防臭加工でいつでも清潔に利用できます。洗濯機でジャブジャブ洗えるので、衛生面が気になる方でも安心します。<br></div></font></td></tr><tr><td colspan="3" bgcolor="#CC3333"><font color="#FFFFCC" size="3"><b> 支払い詳細</b></font></td><tr><td colspan="4" height="10"><br></td></tr><td><br></td><td colspan="2" align="left"><font color="#000000" size="2"><div><br>【お支払い方法】 Yahoo!かんたん決済【支払い代金】 落札価格 ＋ 送料<br>　※ 銀行振込希望の方は、Yahoo!かんたん決済の銀行振り込みをご利用ください。<br>　※ 直接の銀行振込みは、お断りしております。</div></font></td></tr><tr><td colspan="3" bgcolor="#CC3333"><font color="#FFFFCC" size="3"><b> 発送詳細</b></font></td><tr><td colspan="4" height="10"><br></td></tr><td><br></td><td colspan="2" align="left"><font color="#000000" size="2"><div><br>【送料】 ★ 全国一律料金 ★<br>【発送までの日数】 お支払い完了後 1～2日で発送いたします。<br>【配送業者】 主にヤマト運輸、日本郵便、佐川急便から発送いたします。また別の業者を使うこともあります。<br></div></font></td></tr><tr><td colspan="3" bgcolor="#CC3333"><font color="#FFFFCC" size="3"><b> 注意事項 ★必ずご確認ください★</b></font></td><tr><td colspan="4" height="10"><br></td></tr><td><br></td><td colspan="2" align="left"><font color="#000000" size="2"><div><br>・質問、メッセージの回答は夜になることが多いです。<br>・手渡しは対応しておりません。<br>・商品によって業者を変えるため【センター留め】【郵便局留め】は対応できません。<br>・領収書の同梱は対応しておりません。<br>・まとめて取引は、トラブルが多いためお断りしております。<br>・不具合以外での返品・交換は対応しておりません。<br>・Yahoo!かんたん決済の支払期限を過ぎた場合、落札者都合のキャンセルをいたします</div></font></td></tr></tbody></table></center>,2198,,1,1,22,9,,,,,,東京都,,出品者,先払い,はい,いいえ,はい,,,,,,,,,,,未使用に近い,,返品不可,,いいえ,いいえ,いいえ,はい,はい,いいえ,3,いいえ,,,,いいえ,いいえ,,いいえ,はい,,,いいえ,いいえ,いいえ,いいえ,いいえ,いいえ,,,,,,いいえ,,3日〜6日,配送委託会社にて一律料金,0,,,,,,,,,,,,,,,,,,,,,,,,,,,,,,,,,,,,,,,,,,,,,,,,,,いいえ,いいえ,いいえ,,いいえ
2084052987,ブルーム 干支タオル（お年賀タオル）中国製フェイスタオル PP袋入り 名刺ポケット付き 30枚セット (招福),<center><br><font size="4" color="#CC3333">ブルーム 干支タオル（お年賀タオル）中国製フェイスタオル PP袋入り 名刺ポケット付き 30枚セット (招福)</font><table width="600"><tbody><tr><td width="3%"><br></td><td width="27%"><br></td><td width="67%"><br></td><td width="3%"><br></td></tr><tr><td colspan="3" bgcolor="#CC3333"><font color="#FFFFCC" size="3"><b> 商品説明</b></font></td><tr><td colspan="4" height="10"><br></td></tr><td><br></td><td colspan="2" align="left"><font color="#000000" size="2"><div>招福<br>【大容量】挨拶回りや販促に便利な大容量！売り切れ前にぜひご利用ください。<br>【名刺ポケット付き】PP袋（透明袋）には名刺ポケットが付いております。取引先に渡すのにピッタリです。<br>【他店舗とかぶる心配なし】柄はブルームのデザイナーが書き上げたオリジナルです！余所とかぶる心配がありません！<br></div></font></td></tr><tr><td colspan="3" bgcolor="#CC3333"><font color="#FFFFCC" size="3"><b> 支払い詳細</b></font></td><tr><td colspan="4" height="10"><br></td></tr><td><br></td><td colspan="2" align="left"><font color="#000000" size="2"><div><br>【お支払い方法】 Yahoo!かんたん決済【支払い代金】 落札価格 ＋ 送料<br>　※ 銀行振込希望の方は、Yahoo!かんたん決済の銀行振り込みをご利用ください。<br>　※ 直接の銀行振込みは、お断りしております。</div></font></td></tr><tr><td colspan="3" bgcolor="#CC3333"><font color="#FFFFCC" size="3"><b> 発送詳細</b></font></td><tr><td colspan="4" height="10"><br></td></tr><td><br></td><td colspan="2" align="left"><font color="#000000" size="2"><div><br>【送料】 ★ 全国一律料金 ★<br>【発送までの日数】 お支払い完了後 1～2日で発送いたします。<br>【配送業者】 主にヤマト運輸、日本郵便、佐川急便から発送いたします。また別の業者を使うこともあります。<br></div></font></td></tr><tr><td colspan="3" bgcolor="#CC3333"><font color="#FFFFCC" size="3"><b> 注意事項 ★必ずご確認ください★</b></font></td><tr><td colspan="4" height="10"><br></td></tr><td><br></td><td colspan="2" align="left"><font color="#000000" size="2"><div><br>・質問、メッセージの回答は夜になることが多いです。<br>・手渡しは対応しておりません。<br>・商品によって業者を変えるため【センター留め】【郵便局留め】は対応できません。<br>・領収書の同梱は対応しておりません。<br>・まとめて取引は、トラブルが多いためお断りしております。<br>・不具合以外での返品・交換は対応しておりません。<br>・Yahoo!かんたん決済の支払期限を過ぎた場合、落札者都合のキャンセルをいたします</div></font></td></tr></tbody></table></center>,7150,,1,1,22,10,,,,,,東京都,,出品者,先払い,はい,いいえ,はい,,,,,,,,,,,未使用に近い,,返品不可,,いいえ,いいえ,いいえ,はい,はい,いいえ,3,いいえ,,,,いいえ,いいえ,,いいえ,はい,,,いいえ,いいえ,いいえ,いいえ,いいえ,いいえ,,,,,,いいえ,,3日〜6日,配送委託会社にて一律料金,0,,,,,,,,,,,,,,,,,,,,,,,,,,,,,,,,,,,,,,,,,,,,,,,,,,いいえ,いいえ,いいえ,,いいえ
2084006330,今治産 ストライプ柄 フェイスタオル 高級 コーマ糸 【アウトレット/在庫処分】 吸水性抜群 厚手 5枚セット (ブルーグリーン(BGR) ５枚セット),<center><br><font size="4" color="#CC3333">今治産 ストライプ柄 フェイスタオル 高級 コーマ糸 【アウトレット/在庫処分】 吸水性抜群 厚手 5枚セット (ブルーグリーン(BGR) ５枚セット)</font><table width="600"><tbody><tr><td width="3%"><br></td><td width="27%"><br></td><td width="67%"><br></td><td width="3%"><br></td></tr><tr><td colspan="3" bgcolor="#CC3333"><font color="#FFFFCC" size="3"><b> 商品説明</b></font></td><tr><td colspan="4" height="10"><br></td></tr><td><br></td><td colspan="2" align="left"><font color="#000000" size="2"><div>A:ブルーグリーン(BGR)フェイスタオル５枚セット<br>・高級コーマ糸を使用の吸水性抜群の高品質無地タオルです。 ・細い糸を使用で高密度で柔らかくふわふわに仕上げています。<br>・部屋干し派にもオススメです。収納時もかさばらずコンパクトです。<br>生産地：日本（今治タオル）素材：綿100％　 サイズ・重さ：フェイスタオル 約34×80cm・約76g　 カラー：ブルーグリーンストライプ<br>セット内容：フェイスタオル 5枚セット<br></div></font></td></tr><tr><td colspan="3" bgcolor="#CC3333"><font color="#FFFFCC" size="3"><b> 支払い詳細</b></font></td><tr><td colspan="4" height="10"><br></td></tr><td><br></td><td colspan="2" align="left"><font color="#000000" size="2"><div><br>【お支払い方法】 Yahoo!かんたん決済【支払い代金】 落札価格 ＋ 送料<br>　※ 銀行振込希望の方は、Yahoo!かんたん決済の銀行振り込みをご利用ください。<br>　※ 直接の銀行振込みは、お断りしております。</div></font></td></tr><tr><td colspan="3" bgcolor="#CC3333"><font color="#FFFFCC" size="3"><b> 発送詳細</b></font></td><tr><td colspan="4" height="10"><br></td></tr><td><br></td><td colspan="2" align="left"><font color="#000000" size="2"><div><br>【送料】 ★ 全国一律料金 ★<br>【発送までの日数】 お支払い完了後 1～2日で発送いたします。<br>【配送業者】 主にヤマト運輸、日本郵便、佐川急便から発送いたします。また別の業者を使うこともあります。<br></div></font></td></tr><tr><td colspan="3" bgcolor="#CC3333"><font color="#FFFFCC" size="3"><b> 注意事項 ★必ずご確認ください★</b></font></td><tr><td colspan="4" height="10"><br></td></tr><td><br></td><td colspan="2" align="left"><font color="#000000" size="2"><div><br>・質問、メッセージの回答は夜になることが多いです。<br>・手渡しは対応しておりません。<br>・商品によって業者を変えるため【センター留め】【郵便局留め】は対応できません。<br>・領収書の同梱は対応しておりません。<br>・まとめて取引は、トラブルが多いためお断りしております。<br>・不具合以外での返品・交換は対応しておりません。<br>・Yahoo!かんたん決済の支払期限を過ぎた場合、落札者都合のキャンセルをいたします</div></font></td></tr></tbody></table></center>,3750,,1,1,22,11,,,,,,東京都,,出品者,先払い,はい,いいえ,はい,,,,,,,,,,,未使用に近い,,返品不可,,いいえ,いいえ,いいえ,はい,はい,いいえ,3,いいえ,,,,いいえ,いいえ,,いいえ,はい,,,いいえ,いいえ,いいえ,いいえ,いいえ,いいえ,,,,,,いいえ,,3日〜6日,配送委託会社にて一律料金,0,,,,,,,,,,,,,,,,,,,,,,,,,,,,,,,,,,,,,,,,,,,,,,,,,,いいえ,いいえ,いいえ,,いいえ
2084006330,スモールバスタオル 薄手 3枚セット (オリーブ),<center><br><font size="4" color="#CC3333">スモールバスタオル 薄手 3枚セット (オリーブ)</font><table width="600"><tbody><tr><td width="3%"><br></td><td width="27%"><br></td><td width="67%"><br></td><td width="3%"><br></td></tr><tr><td colspan="3" bgcolor="#CC3333"><font color="#FFFFCC" size="3"><b> 商品説明</b></font></td><tr><td colspan="4" height="10"><br></td></tr><td><br></td><td colspan="2" align="left"><font color="#000000" size="2"><div>オリーブ<br>40×100cm。バスタオルより小さく、フェイスタオルより大きい絶妙なサイズ感。<br>お洗濯後の乾きも早い「ほどよい」厚み、吸水性抜群の綿100%。<br>商品は真空パックされていますので、ご使用前にお洗濯のうえご使用ください。<br></div></font></td></tr><tr><td colspan="3" bgcolor="#CC3333"><font color="#FFFFCC" size="3"><b> 支払い詳細</b></font></td><tr><td colspan="4" height="10"><br></td></tr><td><br></td><td colspan="2" align="left"><font color="#000000" size="2"><div><br>【お支払い方法】 Yahoo!かんたん決済【支払い代金】 落札価格 ＋ 送料<br>　※ 銀行振込希望の方は、Yahoo!かんたん決済の銀行振り込みをご利用ください。<br>　※ 直接の銀行振込みは、お断りしております。</div></font></td></tr><tr><td colspan="3" bgcolor="#CC3333"><font color="#FFFFCC" size="3"><b> 発送詳細</b></font></td><tr><td colspan="4" height="10"><br></td></tr><td><br></td><td colspan="2" align="left"><font color="#000000" size="2"><div><br>【送料】 ★ 全国一律料金 ★<br>【発送までの日数】 お支払い完了後 1～2日で発送いたします。<br>【配送業者】 主にヤマト運輸、日本郵便、佐川急便から発送いたします。また別の業者を使うこともあります。<br></div></font></td></tr><tr><td colspan="3" bgcolor="#CC3333"><font color="#FFFFCC" size="3"><b> 注意事項 ★必ずご確認ください★</b></font></td><tr><td colspan="4" height="10"><br></td></tr><td><br></td><td colspan="2" align="left"><font color="#000000" size="2"><div><br>・質問、メッセージの回答は夜になることが多いです。<br>・手渡しは対応しておりません。<br>・商品によって業者を変えるため【センター留め】【郵便局留め】は対応できません。<br>・領収書の同梱は対応しておりません。<br>・まとめて取引は、トラブルが多いためお断りしております。<br>・不具合以外での返品・交換は対応しておりません。<br>・Yahoo!かんたん決済の支払期限を過ぎた場合、落札者都合のキャンセルをいたします</div></font></td></tr></tbody></table></center>,2000,,1,1,22,12,,,,,,東京都,,出品者,先払い,はい,いいえ,はい,,,,,,,,,,,未使用に近い,,返品不可,,いいえ,いいえ,いいえ,はい,はい,いいえ,3,いいえ,,,,いいえ,いいえ,,いいえ,はい,,,いいえ,いいえ,いいえ,いいえ,いいえ,いいえ,,,,,,いいえ,,3日〜6日,配送委託会社にて一律料金,0,,,,,,,,,,,,,,,,,,,,,,,,,,,,,,,,,,,,,,,,,,,,,,,,,,いいえ,いいえ,いいえ,,いいえ
2084288024,【特価セール】4枚フェイスタオル おおきめ スポーツタオル 瞬間吸水 綿100% 柔らか肌触り 抗菌防臭 家庭用、ホテル、スポーツなどに最適 74cm×34cm,<center><br><font size="4" color="#CC3333">【特価セール】4枚フェイスタオル おおきめ スポーツタオル 瞬間吸水 綿100% 柔らか肌触り 抗菌防臭 家庭用、ホテル、スポーツなどに最適 74cm×34cm</font><table width="600"><tbody><tr><td width="3%"><br></td><td width="27%"><br></td><td width="67%"><br></td><td width="3%"><br></td></tr><tr><td colspan="3" bgcolor="#CC3333"><font color="#FFFFCC" size="3"><b> 商品説明</b></font></td><tr><td colspan="4" height="10"><br></td></tr><td><br></td><td colspan="2" align="left"><font color="#000000" size="2"><div><br>🎀【バスタオル 4枚セット】素材：綿100％　サイズ・重さ：約74×34cm・約100g　カラー：ホワイト、チョコ、グレー、ラクダ色<br>🧣【薄手の速乾タイプ】濡れたままのタオルには雑菌が繁殖しやすく、不衛生になりがち。ワッフルタオルは通気性が良く、乾きが早いので、清潔さが保てます。<br>🧣【お洗濯をするごとになじむ風合い】ワッフル織りのタオルは、お洗濯時の縮みがでるのが特長です。お洗濯して頂きますと、生地が縮むことで凹凸感が出てきます。変形もしやすいため、お洗濯の時には形を整えて干すようにしてください。また、柔らかさを出すため、糸を出して織っていますので引っかけにはご注意下さい。<br>🧣【安全の材料】高品質のコットンから作られて、軽くてフワフワしています！ 一切蛍光染料は使用しておりません、人にも環境にも優しく作り上がっています。 厳選した綿花を丁寧に作りり上げていますので、優しいタッチが君の不安と焦燥を癒す ふわふわでありながら厚地、薄地のタオルより吸水はすごい、重力感あり、簡単にほつれないです。<br></div></font></td></tr><tr><td colspan="3" bgcolor="#CC3333"><font color="#FFFFCC" size="3"><b> 支払い詳細</b></font></td><tr><td colspan="4" height="10"><br></td></tr><td><br></td><td colspan="2" align="left"><font color="#000000" size="2"><div><br>【お支払い方法】 Yahoo!かんたん決済【支払い代金】 落札価格 ＋ 送料<br>　※ 銀行振込希望の方は、Yahoo!かんたん決済の銀行振り込みをご利用ください。<br>　※ 直接の銀行振込みは、お断りしております。</div></font></td></tr><tr><td colspan="3" bgcolor="#CC3333"><font color="#FFFFCC" size="3"><b> 発送詳細</b></font></td><tr><td colspan="4" height="10"><br></td></tr><td><br></td><td colspan="2" align="left"><font color="#000000" size="2"><div><br>【送料】 ★ 全国一律料金 ★<br>【発送までの日数】 お支払い完了後 1～2日で発送いたします。<br>【配送業者】 主にヤマト運輸、日本郵便、佐川急便から発送いたします。また別の業者を使うこともあります。<br></div></font></td></tr><tr><td colspan="3" bgcolor="#CC3333"><font color="#FFFFCC" size="3"><b> 注意事項 ★必ずご確認ください★</b></font></td><tr><td colspan="4" height="10"><br></td></tr><td><br></td><td colspan="2" align="left"><font color="#000000" size="2"><div><br>・質問、メッセージの回答は夜になることが多いです。<br>・手渡しは対応しておりません。<br>・商品によって業者を変えるため【センター留め】【郵便局留め】は対応できません。<br>・領収書の同梱は対応しておりません。<br>・まとめて取引は、トラブルが多いためお断りしております。<br>・不具合以外での返品・交換は対応しておりません。<br>・Yahoo!かんたん決済の支払期限を過ぎた場合、落札者都合のキャンセルをいたします</div></font></td></tr></tbody></table></center>,2222,,1,1,22,13,,,,,,東京都,,出品者,先払い,はい,いいえ,はい,,,,,,,,,,,未使用に近い,,返品不可,,いいえ,いいえ,いいえ,はい,はい,いいえ,3,いいえ,,,,いいえ,いいえ,,いいえ,はい,,,いいえ,いいえ,いいえ,いいえ,いいえ,いいえ,,,,,,いいえ,,3日〜6日,配送委託会社にて一律料金,0,,,,,,,,,,,,,,,,,,,,,,,,,,,,,,,,,,,,,,,,,,,,,,,,,,いいえ,いいえ,いいえ,,いいえ
2084006330,今治タオル 日本製 フェイスタオル (全15色) コットン100％ 240匁 34×86cm 5枚セット モカ [ 今治フェイスタオル 無地 今治 タオル セット 国産 エステタオル 業務用タオル ホテルタオル ホテル仕様 洗顔タオル フェイシャルタオル 業務用 ],<center><br><font size="4" color="#CC3333">今治タオル 日本製 フェイスタオル (全15色) コットン100％ 240匁 34×86cm 5枚セット モカ [ 今治フェイスタオル 無地 今治 タオル セット 国産 エステタオル 業務用タオル ホテルタオル ホテル仕様 洗顔タオル フェイシャルタオル 業務用 ]</font><table width="600"><tbody><tr><td width="3%"><br></td><td width="27%"><br></td><td width="67%"><br></td><td width="3%"><br></td></tr><tr><td colspan="3" bgcolor="#CC3333"><font color="#FFFFCC" size="3"><b> 商品説明</b></font></td><tr><td colspan="4" height="10"><br></td></tr><td><br></td><td colspan="2" align="left"><font color="#000000" size="2"><div>モカ<br>【製造国/原産国】日本<br>【特徴】日本製 高級コットン使用したふかふかのフェイスタオル<br>【一般名・用途・場所等】 今治タオル 国産 コットンタオル タオル 顔拭き 洗顔 顔 フェイス フェイシャル 無地 吸水性 耐久性 丈夫 ホテル 旅行 旅館 宿泊施設 整体院 整体師 鍼灸院 整骨院 整体 介護 業務用 家庭用 エステサロン 美容院 美容室 理美容 理容室 エステ用 サロン用 施術用 店舗用 いまばりタオル いまばり 茶色<br></div></font></td></tr><tr><td colspan="3" bgcolor="#CC3333"><font color="#FFFFCC" size="3"><b> 支払い詳細</b></font></td><tr><td colspan="4" height="10"><br></td></tr><td><br></td><td colspan="2" align="left"><font color="#000000" size="2"><div><br>【お支払い方法】 Yahoo!かんたん決済【支払い代金】 落札価格 ＋ 送料<br>　※ 銀行振込希望の方は、Yahoo!かんたん決済の銀行振り込みをご利用ください。<br>　※ 直接の銀行振込みは、お断りしております。</div></font></td></tr><tr><td colspan="3" bgcolor="#CC3333"><font color="#FFFFCC" size="3"><b> 発送詳細</b></font></td><tr><td colspan="4" height="10"><br></td></tr><td><br></td><td colspan="2" align="left"><font color="#000000" size="2"><div><br>【送料】 ★ 全国一律料金 ★<br>【発送までの日数】 お支払い完了後 1～2日で発送いたします。<br>【配送業者】 主にヤマト運輸、日本郵便、佐川急便から発送いたします。また別の業者を使うこともあります。<br></div></font></td></tr><tr><td colspan="3" bgcolor="#CC3333"><font color="#FFFFCC" size="3"><b> 注意事項 ★必ずご確認ください★</b></font></td><tr><td colspan="4" height="10"><br></td></tr><td><br></td><td colspan="2" align="left"><font color="#000000" size="2"><div><br>・質問、メッセージの回答は夜になることが多いです。<br>・手渡しは対応しておりません。<br>・商品によって業者を変えるため【センター留め】【郵便局留め】は対応できません。<br>・領収書の同梱は対応しておりません。<br>・まとめて取引は、トラブルが多いためお断りしております。<br>・不具合以外での返品・交換は対応しておりません。<br>・Yahoo!かんたん決済の支払期限を過ぎた場合、落札者都合のキャンセルをいたします</div></font></td></tr></tbody></table></center>,3240,,1,1,22,14,,,,,,東京都,,出品者,先払い,はい,いいえ,はい,,,,,,,,,,,未使用に近い,,返品不可,,いいえ,いいえ,いいえ,はい,はい,いいえ,3,いいえ,,,,いいえ,いいえ,,いいえ,はい,,,いいえ,いいえ,いいえ,いいえ,いいえ,いいえ,,,,,,いいえ,,3日〜6日,配送委託会社にて一律料金,0,,,,,,,,,,,,,,,,,,,,,,,,,,,,,,,,,,,,,,,,,,,,,,,,,,いいえ,いいえ,いいえ,,いいえ
2084006330,今治タオル 業務用 フェイスタオル 4枚組 エムカラー 34x86cm エステサロン用 全100色 軽量薄手 部屋干し 吸水速乾 (No.23 ライトブルー) mc-ft4,<center><br><font size="4" color="#CC3333">今治タオル 業務用 フェイスタオル 4枚組 エムカラー 34x86cm エステサロン用 全100色 軽量薄手 部屋干し 吸水速乾 (No.23 ライトブルー) mc-ft4</font><table width="600"><tbody><tr><td width="3%"><br></td><td width="27%"><br></td><td width="67%"><br></td><td width="3%"><br></td></tr><tr><td colspan="3" bgcolor="#CC3333"><font color="#FFFFCC" size="3"><b> 商品説明</b></font></td><tr><td colspan="4" height="10"><br></td></tr><td><br></td><td colspan="2" align="left"><font color="#000000" size="2"><div><br>【エムカラー 全100色】エステサロン用に豊富なカラーバリエーションで作られた、やや薄手のフェイスタオルです。綿100%のやわらかな生地で吸水性がよく、日常の生活で扱いやすいタオルです。部屋干しにも適した速乾性の高いタオルですので、夏のレジャーシーンをはじめ、アウトドアや旅行のお供にも最適です。<br>【カラー】No.23 ライトブルー　４枚セット【フェイスタオルサイズ】約34x86cm、最高級綿100%<br>今治タオル認定フェイスタオル（日本製・今治産）<br></div></font></td></tr><tr><td colspan="3" bgcolor="#CC3333"><font color="#FFFFCC" size="3"><b> 支払い詳細</b></font></td><tr><td colspan="4" height="10"><br></td></tr><td><br></td><td colspan="2" align="left"><font color="#000000" size="2"><div><br>【お支払い方法】 Yahoo!かんたん決済【支払い代金】 落札価格 ＋ 送料<br>　※ 銀行振込希望の方は、Yahoo!かんたん決済の銀行振り込みをご利用ください。<br>　※ 直接の銀行振込みは、お断りしております。</div></font></td></tr><tr><td colspan="3" bgcolor="#CC3333"><font color="#FFFFCC" size="3"><b> 発送詳細</b></font></td><tr><td colspan="4" height="10"><br></td></tr><td><br></td><td colspan="2" align="left"><font color="#000000" size="2"><div><br>【送料】 ★ 全国一律料金 ★<br>【発送までの日数】 お支払い完了後 1～2日で発送いたします。<br>【配送業者】 主にヤマト運輸、日本郵便、佐川急便から発送いたします。また別の業者を使うこともあります。<br></div></font></td></tr><tr><td colspan="3" bgcolor="#CC3333"><font color="#FFFFCC" size="3"><b> 注意事項 ★必ずご確認ください★</b></font></td><tr><td colspan="4" height="10"><br></td></tr><td><br></td><td colspan="2" align="left"><font color="#000000" size="2"><div><br>・質問、メッセージの回答は夜になることが多いです。<br>・手渡しは対応しておりません。<br>・商品によって業者を変えるため【センター留め】【郵便局留め】は対応できません。<br>・領収書の同梱は対応しておりません。<br>・まとめて取引は、トラブルが多いためお断りしております。<br>・不具合以外での返品・交換は対応しておりません。<br>・Yahoo!かんたん決済の支払期限を過ぎた場合、落札者都合のキャンセルをいたします</div></font></td></tr></tbody></table></center>,3960,,1,1,22,15,,,,,,東京都,,出品者,先払い,はい,いいえ,はい,,,,,,,,,,,未使用に近い,,返品不可,,いいえ,いいえ,いいえ,はい,はい,いいえ,3,いいえ,,,,いいえ,いいえ,,いいえ,はい,,,いいえ,いいえ,いいえ,いいえ,いいえ,いいえ,,,,,,いいえ,,3日〜6日,配送委託会社にて一律料金,0,,,,,,,,,,,,,,,,,,,,,,,,,,,,,,,,,,,,,,,,,,,,,,,,,,いいえ,いいえ,いいえ,,いいえ
2084288024,Inple タオル フェイスタオル マイクロファイバー ホテル仕様 大判 4色4枚セット 吸水速乾 ふわふわ 肌触り抜群 抗菌防臭,<center><br><font size="4" color="#CC3333">Inple タオル フェイスタオル マイクロファイバー ホテル仕様 大判 4色4枚セット 吸水速乾 ふわふわ 肌触り抜群 抗菌防臭</font><table width="600"><tbody><tr><td width="3%"><br></td><td width="27%"><br></td><td width="67%"><br></td><td width="3%"><br></td></tr><tr><td colspan="3" bgcolor="#CC3333"><font color="#FFFFCC" size="3"><b> 商品説明</b></font></td><tr><td colspan="4" height="10"><br></td></tr><td><br></td><td colspan="2" align="left"><font color="#000000" size="2"><div>マルチカラー フェイスタオル<br></div></font></td></tr><tr><td colspan="3" bgcolor="#CC3333"><font color="#FFFFCC" size="3"><b> 支払い詳細</b></font></td><tr><td colspan="4" height="10"><br></td></tr><td><br></td><td colspan="2" align="left"><font color="#000000" size="2"><div><br>【お支払い方法】 Yahoo!かんたん決済【支払い代金】 落札価格 ＋ 送料<br>　※ 銀行振込希望の方は、Yahoo!かんたん決済の銀行振り込みをご利用ください。<br>　※ 直接の銀行振込みは、お断りしております。</div></font></td></tr><tr><td colspan="3" bgcolor="#CC3333"><font color="#FFFFCC" size="3"><b> 発送詳細</b></font></td><tr><td colspan="4" height="10"><br></td></tr><td><br></td><td colspan="2" align="left"><font color="#000000" size="2"><div><br>【送料】 ★ 全国一律料金 ★<br>【発送までの日数】 お支払い完了後 1～2日で発送いたします。<br>【配送業者】 主にヤマト運輸、日本郵便、佐川急便から発送いたします。また別の業者を使うこともあります。<br></div></font></td></tr><tr><td colspan="3" bgcolor="#CC3333"><font color="#FFFFCC" size="3"><b> 注意事項 ★必ずご確認ください★</b></font></td><tr><td colspan="4" height="10"><br></td></tr><td><br></td><td colspan="2" align="left"><font color="#000000" size="2"><div><br>・質問、メッセージの回答は夜になることが多いです。<br>・手渡しは対応しておりません。<br>・商品によって業者を変えるため【センター留め】【郵便局留め】は対応できません。<br>・領収書の同梱は対応しておりません。<br>・まとめて取引は、トラブルが多いためお断りしております。<br>・不具合以外での返品・交換は対応しておりません。<br>・Yahoo!かんたん決済の支払期限を過ぎた場合、落札者都合のキャンセルをいたします</div></font></td></tr></tbody></table></center>,2798,,1,1,22,16,,,,,,東京都,,出品者,先払い,はい,いいえ,はい,,,,,,,,,,,未使用に近い,,返品不可,,いいえ,いいえ,いいえ,はい,はい,いいえ,3,いいえ,,,,いいえ,いいえ,,いいえ,はい,,,いいえ,いいえ,いいえ,いいえ,いいえ,いいえ,,,,,,いいえ,,3日〜6日,配送委託会社にて一律料金,0,,,,,,,,,,,,,,,,,,,,,,,,,,,,,,,,,,,,,,,,,,,,,,,,,,いいえ,いいえ,いいえ,,いいえ
2084006333,徳用カラータオル5色10枚組,<center><br><font size="4" color="#CC3333">徳用カラータオル5色10枚組</font><table width="600"><tbody><tr><td width="3%"><br></td><td width="27%"><br></td><td width="67%"><br></td><td width="3%"><br></td></tr><tr><td colspan="3" bgcolor="#CC3333"><font color="#FFFFCC" size="3"><b> 商品説明</b></font></td><tr><td colspan="4" height="10"><br></td></tr><td><br></td><td colspan="2" align="left"><font color="#000000" size="2"><div>フェイスタオル 徳用カラーフェイスタオル5色10枚組<br>【フェイスタオル10枚セット】サイズ:約34×80cm<br>素材:綿100%<br>生産国:中国<br>重量:約62g<br>カラー:ピンク、ブルー、グリーン、イエロー、ホワイト(各2枚)<br></div></font></td></tr><tr><td colspan="3" bgcolor="#CC3333"><font color="#FFFFCC" size="3"><b> 支払い詳細</b></font></td><tr><td colspan="4" height="10"><br></td></tr><td><br></td><td colspan="2" align="left"><font color="#000000" size="2"><div><br>【お支払い方法】 Yahoo!かんたん決済【支払い代金】 落札価格 ＋ 送料<br>　※ 銀行振込希望の方は、Yahoo!かんたん決済の銀行振り込みをご利用ください。<br>　※ 直接の銀行振込みは、お断りしております。</div></font></td></tr><tr><td colspan="3" bgcolor="#CC3333"><font color="#FFFFCC" size="3"><b> 発送詳細</b></font></td><tr><td colspan="4" height="10"><br></td></tr><td><br></td><td colspan="2" align="left"><font color="#000000" size="2"><div><br>【送料】 ★ 全国一律料金 ★<br>【発送までの日数】 お支払い完了後 1～2日で発送いたします。<br>【配送業者】 主にヤマト運輸、日本郵便、佐川急便から発送いたします。また別の業者を使うこともあります。<br></div></font></td></tr><tr><td colspan="3" bgcolor="#CC3333"><font color="#FFFFCC" size="3"><b> 注意事項 ★必ずご確認ください★</b></font></td><tr><td colspan="4" height="10"><br></td></tr><td><br></td><td colspan="2" align="left"><font color="#000000" size="2"><div><br>・質問、メッセージの回答は夜になることが多いです。<br>・手渡しは対応しておりません。<br>・商品によって業者を変えるため【センター留め】【郵便局留め】は対応できません。<br>・領収書の同梱は対応しておりません。<br>・まとめて取引は、トラブルが多いためお断りしております。<br>・不具合以外での返品・交換は対応しておりません。<br>・Yahoo!かんたん決済の支払期限を過ぎた場合、落札者都合のキャンセルをいたします</div></font></td></tr></tbody></table></center>,2750,,1,1,22,17,,,,,,東京都,,出品者,先払い,はい,いいえ,はい,,,,,,,,,,,未使用に近い,,返品不可,,いいえ,いいえ,いいえ,はい,はい,いいえ,3,いいえ,,,,いいえ,いいえ,,いいえ,はい,,,いいえ,いいえ,いいえ,いいえ,いいえ,いいえ,,,,,,いいえ,,3日〜6日,配送委託会社にて一律料金,0,,,,,,,,,,,,,,,,,,,,,,,,,,,,,,,,,,,,,,,,,,,,,,,,,,いいえ,いいえ,いいえ,,いいえ
2084006330,Etech フェイスタオル 綿100％ 撚糸 ソフト ふわふわオーガニックコットン ホテル仕様 柔らかい なめらか 速乾 73ｘ35cm 5色5枚組 家庭用,<center><br><font size="4" color="#CC3333">Etech フェイスタオル 綿100％ 撚糸 ソフト ふわふわオーガニックコットン ホテル仕様 柔らかい なめらか 速乾 73ｘ35cm 5色5枚組 家庭用</font><table width="600"><tbody><tr><td width="3%"><br></td><td width="27%"><br></td><td width="67%"><br></td><td width="3%"><br></td></tr><tr><td colspan="3" bgcolor="#CC3333"><font color="#FFFFCC" size="3"><b> 商品説明</b></font></td><tr><td colspan="4" height="10"><br></td></tr><td><br></td><td colspan="2" align="left"><font color="#000000" size="2"><div><br>【オーガニックコットン100％の安心感】長繊維のしなやかで上質感、オーガニックコットン100％の両面ロングパイル撚り糸を使用。ご家庭で高級ホテルにいるような上質で贅沢な心地よさを味わって頂く為に。抜群な吸水性と、さらっとやわら感がクセになり、いつもいつも使いたくなる、滑らかな肌触りを重視したボリューム感のあるフェイスタオルです。<br>【おすすめタオル】繊維が細く長く耐久性に優れ、洗濯時の毛羽落ちは驚きの通常の１/3～１/５。シルクのようにやわらかく美しい光沢感が魅力です。35ｍｍ以上の超長繊維綿です。繊維が細く長く、しかも長さが均一で、強く、耐久性に優れています。また、しっとりとやわらかい肌ざわりはシルクに匹敵すると言われるほどです。タオルになったときの独特なサラサラ感も魅力です。<br>【洗濯について】最初に、工場から出荷したばかりのタオルは余分な毛を付着しているかもしれません、一度お洗濯してからのご使用をおすすめします。洗剤は塩素系洗剤や漂白剤など使用しないようにしてください。アイロンのご使用や乾燥に手当てもお避け下さい。洗濯はほかの服と分けて、たっぷりのお水の中でヒラヒラと泳ぐようにお洗濯していただくことをおすすめします。初期は糸のほつれ、フラットなど状態は輸送中にはお避けせざるを得ない現象ですが、それも綿本来の仕様とご理解ください。ほつれた糸は指で軽く上に引き上げてハサミで切ってください。<br></div></font></td></tr><tr><td colspan="3" bgcolor="#CC3333"><font color="#FFFFCC" size="3"><b> 支払い詳細</b></font></td><tr><td colspan="4" height="10"><br></td></tr><td><br></td><td colspan="2" align="left"><font color="#000000" size="2"><div><br>【お支払い方法】 Yahoo!かんたん決済【支払い代金】 落札価格 ＋ 送料<br>　※ 銀行振込希望の方は、Yahoo!かんたん決済の銀行振り込みをご利用ください。<br>　※ 直接の銀行振込みは、お断りしております。</div></font></td></tr><tr><td colspan="3" bgcolor="#CC3333"><font color="#FFFFCC" size="3"><b> 発送詳細</b></font></td><tr><td colspan="4" height="10"><br></td></tr><td><br></td><td colspan="2" align="left"><font color="#000000" size="2"><div><br>【送料】 ★ 全国一律料金 ★<br>【発送までの日数】 お支払い完了後 1～2日で発送いたします。<br>【配送業者】 主にヤマト運輸、日本郵便、佐川急便から発送いたします。また別の業者を使うこともあります。<br></div></font></td></tr><tr><td colspan="3" bgcolor="#CC3333"><font color="#FFFFCC" size="3"><b> 注意事項 ★必ずご確認ください★</b></font></td><tr><td colspan="4" height="10"><br></td></tr><td><br></td><td colspan="2" align="left"><font color="#000000" size="2"><div><br>・質問、メッセージの回答は夜になることが多いです。<br>・手渡しは対応しておりません。<br>・商品によって業者を変えるため【センター留め】【郵便局留め】は対応できません。<br>・領収書の同梱は対応しておりません。<br>・まとめて取引は、トラブルが多いためお断りしております。<br>・不具合以外での返品・交換は対応しておりません。<br>・Yahoo!かんたん決済の支払期限を過ぎた場合、落札者都合のキャンセルをいたします</div></font></td></tr></tbody></table></center>,3998,,1,1,22,18,,,,,,東京都,,出品者,先払い,はい,いいえ,はい,,,,,,,,,,,未使用に近い,,返品不可,,いいえ,いいえ,いいえ,はい,はい,いいえ,3,いいえ,,,,いいえ,いいえ,,いいえ,はい,,,いいえ,いいえ,いいえ,いいえ,いいえ,いいえ,,,,,,いいえ,,3日〜6日,配送委託会社にて一律料金,0,,,,,,,,,,,,,,,,,,,,,,,,,,,,,,,,,,,,,,,,,,,,,,,,,,いいえ,いいえ,いいえ,,いいえ
2084006330,ADUOKI フェイスタオル マイクロファイバー タオル 10枚セット ホテル仕様 大判 吸水速乾 家庭用、ホテル、スポーツなどに最適 約35cm×75cm,<center><br><font size="4" color="#CC3333">ADUOKI フェイスタオル マイクロファイバー タオル 10枚セット ホテル仕様 大判 吸水速乾 家庭用、ホテル、スポーツなどに最適 約35cm×75cm</font><table width="600"><tbody><tr><td width="3%"><br></td><td width="27%"><br></td><td width="67%"><br></td><td width="3%"><br></td></tr><tr><td colspan="3" bgcolor="#CC3333"><font color="#FFFFCC" size="3"><b> 商品説明</b></font></td><tr><td colspan="4" height="10"><br></td></tr><td><br></td><td colspan="2" align="left"><font color="#000000" size="2"><div>10束10枚セット フェイスタオル<br></div></font></td></tr><tr><td colspan="3" bgcolor="#CC3333"><font color="#FFFFCC" size="3"><b> 支払い詳細</b></font></td><tr><td colspan="4" height="10"><br></td></tr><td><br></td><td colspan="2" align="left"><font color="#000000" size="2"><div><br>【お支払い方法】 Yahoo!かんたん決済【支払い代金】 落札価格 ＋ 送料<br>　※ 銀行振込希望の方は、Yahoo!かんたん決済の銀行振り込みをご利用ください。<br>　※ 直接の銀行振込みは、お断りしております。</div></font></td></tr><tr><td colspan="3" bgcolor="#CC3333"><font color="#FFFFCC" size="3"><b> 発送詳細</b></font></td><tr><td colspan="4" height="10"><br></td></tr><td><br></td><td colspan="2" align="left"><font color="#000000" size="2"><div><br>【送料】 ★ 全国一律料金 ★<br>【発送までの日数】 お支払い完了後 1～2日で発送いたします。<br>【配送業者】 主にヤマト運輸、日本郵便、佐川急便から発送いたします。また別の業者を使うこともあります。<br></div></font></td></tr><tr><td colspan="3" bgcolor="#CC3333"><font color="#FFFFCC" size="3"><b> 注意事項 ★必ずご確認ください★</b></font></td><tr><td colspan="4" height="10"><br></td></tr><td><br></td><td colspan="2" align="left"><font color="#000000" size="2"><div><br>・質問、メッセージの回答は夜になることが多いです。<br>・手渡しは対応しておりません。<br>・商品によって業者を変えるため【センター留め】【郵便局留め】は対応できません。<br>・領収書の同梱は対応しておりません。<br>・まとめて取引は、トラブルが多いためお断りしております。<br>・不具合以外での返品・交換は対応しておりません。<br>・Yahoo!かんたん決済の支払期限を過ぎた場合、落札者都合のキャンセルをいたします</div></font></td></tr></tbody></table></center>,3900,,1,1,22,19,,,,,,東京都,,出品者,先払い,はい,いいえ,はい,,,,,,,,,,,未使用に近い,,返品不可,,いいえ,いいえ,いいえ,はい,はい,いいえ,3,いいえ,,,,いいえ,いいえ,,いいえ,はい,,,いいえ,いいえ,いいえ,いいえ,いいえ,いいえ,,,,,,いいえ,,3日〜6日,配送委託会社にて一律料金,0,,,,,,,,,,,,,,,,,,,,,,,,,,,,,,,,,,,,,,,,,,,,,,,,,,いいえ,いいえ,いいえ,,いいえ
2084006370,今治タオル しなやか バスタオル 70x130cm エムカラー 全100色 軽量薄手 プロ仕様 業務用 吸水速乾 m-bt1 (No.78 ビオラ),<center><br><font size="4" color="#CC3333">今治タオル しなやか バスタオル 70x130cm エムカラー 全100色 軽量薄手 プロ仕様 業務用 吸水速乾 m-bt1 (No.78 ビオラ)</font><table width="600"><tbody><tr><td width="3%"><br></td><td width="27%"><br></td><td width="67%"><br></td><td width="3%"><br></td></tr><tr><td colspan="3" bgcolor="#CC3333"><font color="#FFFFCC" size="3"><b> 商品説明</b></font></td><tr><td colspan="4" height="10"><br></td></tr><td><br></td><td colspan="2" align="left"><font color="#000000" size="2"><div><br>【おうちでエステ気分！】エステサロン用に開発された、しなやかでやわらかい、プロ仕様の業務用バスタオルです。業務用として最も優先される、吸水力と洗濯耐久性を追求しました。タオルの片面はセミシャーリング加工、もう片面はパイル地の異なる仕様で、優れた吸水力と心地良いなめらかな肌ざわりを両立。何度も洗濯して使うという業務用タオルの用途から、乾きやすい短パイルの薄手タオルとなっていますので、小さなお子さんのタオルケットとしても、アウトドアやプールでのタオルとしても大活躍。全100色の豊富なカラーバリエーションから、皆さまの生活シーンやインテリアに合う、お好みの色をお選びください。<br>【カラー】No.78 ビオラ【バスタオルサイズ】約70x130cm、最高級綿100%<br>今治タオル認定バスタオル（日本製・今治産）<br></div></font></td></tr><tr><td colspan="3" bgcolor="#CC3333"><font color="#FFFFCC" size="3"><b> 支払い詳細</b></font></td><tr><td colspan="4" height="10"><br></td></tr><td><br></td><td colspan="2" align="left"><font color="#000000" size="2"><div><br>【お支払い方法】 Yahoo!かんたん決済【支払い代金】 落札価格 ＋ 送料<br>　※ 銀行振込希望の方は、Yahoo!かんたん決済の銀行振り込みをご利用ください。<br>　※ 直接の銀行振込みは、お断りしております。</div></font></td></tr><tr><td colspan="3" bgcolor="#CC3333"><font color="#FFFFCC" size="3"><b> 発送詳細</b></font></td><tr><td colspan="4" height="10"><br></td></tr><td><br></td><td colspan="2" align="left"><font color="#000000" size="2"><div><br>【送料】 ★ 全国一律料金 ★<br>【発送までの日数】 お支払い完了後 1～2日で発送いたします。<br>【配送業者】 主にヤマト運輸、日本郵便、佐川急便から発送いたします。また別の業者を使うこともあります。<br></div></font></td></tr><tr><td colspan="3" bgcolor="#CC3333"><font color="#FFFFCC" size="3"><b> 注意事項 ★必ずご確認ください★</b></font></td><tr><td colspan="4" height="10"><br></td></tr><td><br></td><td colspan="2" align="left"><font color="#000000" size="2"><div><br>・質問、メッセージの回答は夜になることが多いです。<br>・手渡しは対応しておりません。<br>・商品によって業者を変えるため【センター留め】【郵便局留め】は対応できません。<br>・領収書の同梱は対応しておりません。<br>・まとめて取引は、トラブルが多いためお断りしております。<br>・不具合以外での返品・交換は対応しておりません。<br>・Yahoo!かんたん決済の支払期限を過ぎた場合、落札者都合のキャンセルをいたします</div></font></td></tr></tbody></table></center>,4290,,1,1,22,20,,,,,,東京都,,出品者,先払い,はい,いいえ,はい,,,,,,,,,,,未使用に近い,,返品不可,,いいえ,いいえ,いいえ,はい,はい,いいえ,3,いいえ,,,,いいえ,いいえ,,いいえ,はい,,,いいえ,いいえ,いいえ,いいえ,いいえ,いいえ,,,,,,いいえ,,3日〜6日,配送委託会社にて一律料金,0,,,,,,,,,,,,,,,,,,,,,,,,,,,,,,,,,,,,,,,,,,,,,,,,,,いいえ,いいえ,いいえ,,いいえ
2084006370,Oseamaid フェイスタオル 6 枚セット マイクロファイバー タオル 吸水速乾抗菌防臭(白 ベージュ グレー),<center><br><font size="4" color="#CC3333">Oseamaid フェイスタオル 6 枚セット マイクロファイバー タオル 吸水速乾抗菌防臭(白 ベージュ グレー)</font><table width="600"><tbody><tr><td width="3%"><br></td><td width="27%"><br></td><td width="67%"><br></td><td width="3%"><br></td></tr><tr><td colspan="3" bgcolor="#CC3333"><font color="#FFFFCC" size="3"><b> 商品説明</b></font></td><tr><td colspan="4" height="10"><br></td></tr><td><br></td><td colspan="2" align="left"><font color="#000000" size="2"><div>白 ベージュ グレー6 枚 フェイスタオル<br></div></font></td></tr><tr><td colspan="3" bgcolor="#CC3333"><font color="#FFFFCC" size="3"><b> 支払い詳細</b></font></td><tr><td colspan="4" height="10"><br></td></tr><td><br></td><td colspan="2" align="left"><font color="#000000" size="2"><div><br>【お支払い方法】 Yahoo!かんたん決済【支払い代金】 落札価格 ＋ 送料<br>　※ 銀行振込希望の方は、Yahoo!かんたん決済の銀行振り込みをご利用ください。<br>　※ 直接の銀行振込みは、お断りしております。</div></font></td></tr><tr><td colspan="3" bgcolor="#CC3333"><font color="#FFFFCC" size="3"><b> 発送詳細</b></font></td><tr><td colspan="4" height="10"><br></td></tr><td><br></td><td colspan="2" align="left"><font color="#000000" size="2"><div><br>【送料】 ★ 全国一律料金 ★<br>【発送までの日数】 お支払い完了後 1～2日で発送いたします。<br>【配送業者】 主にヤマト運輸、日本郵便、佐川急便から発送いたします。また別の業者を使うこともあります。<br></div></font></td></tr><tr><td colspan="3" bgcolor="#CC3333"><font color="#FFFFCC" size="3"><b> 注意事項 ★必ずご確認ください★</b></font></td><tr><td colspan="4" height="10"><br></td></tr><td><br></td><td colspan="2" align="left"><font color="#000000" size="2"><div><br>・質問、メッセージの回答は夜になることが多いです。<br>・手渡しは対応しておりません。<br>・商品によって業者を変えるため【センター留め】【郵便局留め】は対応できません。<br>・領収書の同梱は対応しておりません。<br>・まとめて取引は、トラブルが多いためお断りしております。<br>・不具合以外での返品・交換は対応しておりません。<br>・Yahoo!かんたん決済の支払期限を過ぎた場合、落札者都合のキャンセルをいたします</div></font></td></tr></tbody></table></center>,3398,,1,1,22,21,,,,,,東京都,,出品者,先払い,はい,いいえ,はい,,,,,,,,,,,未使用に近い,,返品不可,,いいえ,いいえ,いいえ,はい,はい,いいえ,3,いいえ,,,,いいえ,いいえ,,いいえ,はい,,,いいえ,いいえ,いいえ,いいえ,いいえ,いいえ,,,,,,いいえ,,3日〜6日,配送委託会社にて一律料金,0,,,,,,,,,,,,,,,,,,,,,,,,,,,,,,,,,,,,,,,,,,,,,,,,,,いいえ,いいえ,いいえ,,いいえ
2084006330,Oseamaid フェイスタオル 10 枚セットマイクロファイバー タオル 約34×75cm 吸水速乾抗菌防臭 タオル 2020 新品,<center><br><font size="4" color="#CC3333">Oseamaid フェイスタオル 10 枚セットマイクロファイバー タオル 約34×75cm 吸水速乾抗菌防臭 タオル 2020 新品</font><table width="600"><tbody><tr><td width="3%"><br></td><td width="27%"><br></td><td width="67%"><br></td><td width="3%"><br></td></tr><tr><td colspan="3" bgcolor="#CC3333"><font color="#FFFFCC" size="3"><b> 商品説明</b></font></td><tr><td colspan="4" height="10"><br></td></tr><td><br></td><td colspan="2" align="left"><font color="#000000" size="2"><div>10枚セット フェイスタオル<br>【フェイスタオル 10枚セット】 サイズ：約34cm×75cm（ ※縫製品の為、実際の商品とサイズが若干異なる場合があります。） カラー：ブルー　ピンク　グリーン　レッド　パープル　材質：ポリエステル80%、ナイロン20%<br>【抜群の吸水性】毛髪の1/100の超極細繊維（マイクロファイバー）の束が毛細血管現象で水分をすばやく吸収、拡散します。吸水した後も方面席が広い極細繊維なので水分蒸発時間が早く、いつでもサラッとした使い心地です。<br>【速乾性抜群】通気性は優れて、乾き早いの特徴は注目されるポイントです。湿気による細菌の繁殖を抑えます。梅雨の場合や湿気が多い季節でも、乾き早くていつも清潔を保ちます。洗濯物を乾きにくい時期にも快適で使えます。<br>【肌触り柔らかい】柔らかな肌触りで心地よく、通常のタオルより細番手の上質糸を使用し、繊細な柔らかさが生まれます。ふかふかの起毛タイプなので、成人だけではなく赤ちゃんでもお肌を優しく包み込んでくれます。材料の良さを引き出すため、蛍光染料は一切使えず、ナチュラルな色合いに染色しています。<br>【高品質.耐久性】独特の超極細繊維構造で長く使っても伝統タオルの硬化感がありません。何回洗濯しても色褪せない、毛も抜けない上品なフェイスタオルです。染色堅牢度は4級に達します。<br></div></font></td></tr><tr><td colspan="3" bgcolor="#CC3333"><font color="#FFFFCC" size="3"><b> 支払い詳細</b></font></td><tr><td colspan="4" height="10"><br></td></tr><td><br></td><td colspan="2" align="left"><font color="#000000" size="2"><div><br>【お支払い方法】 Yahoo!かんたん決済【支払い代金】 落札価格 ＋ 送料<br>　※ 銀行振込希望の方は、Yahoo!かんたん決済の銀行振り込みをご利用ください。<br>　※ 直接の銀行振込みは、お断りしております。</div></font></td></tr><tr><td colspan="3" bgcolor="#CC3333"><font color="#FFFFCC" size="3"><b> 発送詳細</b></font></td><tr><td colspan="4" height="10"><br></td></tr><td><br></td><td colspan="2" align="left"><font color="#000000" size="2"><div><br>【送料】 ★ 全国一律料金 ★<br>【発送までの日数】 お支払い完了後 1～2日で発送いたします。<br>【配送業者】 主にヤマト運輸、日本郵便、佐川急便から発送いたします。また別の業者を使うこともあります。<br></div></font></td></tr><tr><td colspan="3" bgcolor="#CC3333"><font color="#FFFFCC" size="3"><b> 注意事項 ★必ずご確認ください★</b></font></td><tr><td colspan="4" height="10"><br></td></tr><td><br></td><td colspan="2" align="left"><font color="#000000" size="2"><div><br>・質問、メッセージの回答は夜になることが多いです。<br>・手渡しは対応しておりません。<br>・商品によって業者を変えるため【センター留め】【郵便局留め】は対応できません。<br>・領収書の同梱は対応しておりません。<br>・まとめて取引は、トラブルが多いためお断りしております。<br>・不具合以外での返品・交換は対応しておりません。<br>・Yahoo!かんたん決済の支払期限を過ぎた場合、落札者都合のキャンセルをいたします</div></font></td></tr></tbody></table></center>,3447,,1,1,22,22,,,,,,東京都,,出品者,先払い,はい,いいえ,はい,,,,,,,,,,,未使用に近い,,返品不可,,いいえ,いいえ,いいえ,はい,はい,いいえ,3,いいえ,,,,いいえ,いいえ,,いいえ,はい,,,いいえ,いいえ,いいえ,いいえ,いいえ,いいえ,,,,,,いいえ,,3日〜6日,配送委託会社にて一律料金,0,,,,,,,,,,,,,,,,,,,,,,,,,,,,,,,,,,,,,,,,,,,,,,,,,,いいえ,いいえ,いいえ,,いいえ
2084063264,GamachaTowel 22色から選ぶフェイスタオル 20枚セット(グレー),<center><br><font size="4" color="#CC3333">GamachaTowel 22色から選ぶフェイスタオル 20枚セット(グレー)</font><table width="600"><tbody><tr><td width="3%"><br></td><td width="27%"><br></td><td width="67%"><br></td><td width="3%"><br></td></tr><tr><td colspan="3" bgcolor="#CC3333"><font color="#FFFFCC" size="3"><b> 商品説明</b></font></td><tr><td colspan="4" height="10"><br></td></tr><td><br></td><td colspan="2" align="left"><font color="#000000" size="2"><div>グレー フェイスタオル<br>【商品詳細】　サイズ ： 約34×80ｃｍ 、 1枚あたりの重量 ： 65ｇ(210匁) 、 材質 ： 綿 100％ 、 原産国 ： バングラデシュ 、 セット内容 ： グレー20枚セット<br>【家庭用タオル】　薄手で使い勝手の良いフェイスタオルです。パイルが短く、生地がしっかりしているので薄くて丈夫なタオルです。レジャーやスポーツジムなど外出の時も、かさばらず、持ち運びしやすいです。たくさん使って！たくさん洗濯して！といった方にオススメのタオルです。<br>【優れた吸水性と速乾性】日常生活のキッチン・バス周りやお仕事の汗拭きタオルなどに最適なタオルです。生地がしっかりしているのでガンガン洗濯しても、へたれません。また、薄手なので乾きが早く、洗濯後の生乾きの臭いが起きにくいです。（早く乾くことでにおいの原因となる細菌の繁殖を抑えます。）<br></div></font></td></tr><tr><td colspan="3" bgcolor="#CC3333"><font color="#FFFFCC" size="3"><b> 支払い詳細</b></font></td><tr><td colspan="4" height="10"><br></td></tr><td><br></td><td colspan="2" align="left"><font color="#000000" size="2"><div><br>【お支払い方法】 Yahoo!かんたん決済【支払い代金】 落札価格 ＋ 送料<br>　※ 銀行振込希望の方は、Yahoo!かんたん決済の銀行振り込みをご利用ください。<br>　※ 直接の銀行振込みは、お断りしております。</div></font></td></tr><tr><td colspan="3" bgcolor="#CC3333"><font color="#FFFFCC" size="3"><b> 発送詳細</b></font></td><tr><td colspan="4" height="10"><br></td></tr><td><br></td><td colspan="2" align="left"><font color="#000000" size="2"><div><br>【送料】 ★ 全国一律料金 ★<br>【発送までの日数】 お支払い完了後 1～2日で発送いたします。<br>【配送業者】 主にヤマト運輸、日本郵便、佐川急便から発送いたします。また別の業者を使うこともあります。<br></div></font></td></tr><tr><td colspan="3" bgcolor="#CC3333"><font color="#FFFFCC" size="3"><b> 注意事項 ★必ずご確認ください★</b></font></td><tr><td colspan="4" height="10"><br></td></tr><td><br></td><td colspan="2" align="left"><font color="#000000" size="2"><div><br>・質問、メッセージの回答は夜になることが多いです。<br>・手渡しは対応しておりません。<br>・商品によって業者を変えるため【センター留め】【郵便局留め】は対応できません。<br>・領収書の同梱は対応しておりません。<br>・まとめて取引は、トラブルが多いためお断りしております。<br>・不具合以外での返品・交換は対応しておりません。<br>・Yahoo!かんたん決済の支払期限を過ぎた場合、落札者都合のキャンセルをいたします</div></font></td></tr></tbody></table></center>,3900,,1,1,22,23,,,,,,東京都,,出品者,先払い,はい,いいえ,はい,,,,,,,,,,,未使用に近い,,返品不可,,いいえ,いいえ,いいえ,はい,はい,いいえ,3,いいえ,,,,いいえ,いいえ,,いいえ,はい,,,いいえ,いいえ,いいえ,いいえ,いいえ,いいえ,,,,,,いいえ,,3日〜6日,配送委託会社にて一律料金,0,,,,,,,,,,,,,,,,,,,,,,,,,,,,,,,,,,,,,,,,,,,,,,,,,,いいえ,いいえ,いいえ,,いいえ
