1,B07MJD64MV,サーモス ステンレス ストロー 水筒 スーパーマリオ ルイージ マリオ キャラクター THERMOS ステンレス水筒 350ml F4019MBG6,null,サーモス ステンレス ストロー 水筒 スーパーマリオ ルイージ マリオ キャラクター THERMOS ステンレス水筒 350ml F4019MBG6,Mario Brothers<br>最大低温保持のためのサーモスの真空断熱技術<br>耐久性のあるステンレス製の内装と外装<br>ポップアップストローと統合されたキャリーハンドルと衛生的なプッシュボタンのふた<br>冷たさを１２時間キープ<br>Thermos真空断熱技術が最大限の保冷効果を発揮。熱い液体には使用できません。<br>,3950,5925,,a18a6cf2-222d-46fc-8bc2-85fd7a818de2,,,,https://www.amazon.co.jp/%E3%82%B5%E3%83%BC%E3%83%A2%E3%82%B9-%E3%82%B9%E3%83%BC%E3%83%91%E3%83%BC%E3%83%9E%E3%83%AA%E3%82%AA-THERMOS-%E3%82%B9%E3%83%86%E3%83%B3%E3%83%AC%E3%82%B9%E6%B0%B4%E7%AD%92-F4019MBG6/dp/B07MJD64MV/ref=sr_1_3?dchild=1&fst=as%3Aoff&qid=1597919263&refinements=p_76%3A2227292051&rnid=2227291051&rps=1&s=kitchen&sr=1-3,2084008372, オークション > ベビー用品 > 外出、移動用品 > ベビーキャリー、クーハン,ホーム＆キッチン › キッチン用品 › 弁当箱・水筒 › 水筒・マグボトル,-,-,-,-,
2,B00008GKDG,LODGE(ロッジ) スキレット L5SK3 8インチ,null,LODGE(ロッジ) スキレット L5SK3 8インチ,1<br>深さ : 4.3cm<br>仕様 : 慣らし済み（大豆油）<br>厚み : 5mm<br>対応調理器具 : 直火、IHクッキングヒーター、ハロゲンヒーター、オーブン、食器洗浄機<br>サイズ : 20.2φcm<br>,2473,3710,,845e61de-35eb-477d-8ad6-adaa0b7fa13e,,,,https://www.amazon.co.jp/%E3%83%AD%E3%83%83%E3%82%B8-LODGE-L5SK3-%E3%82%B9%E3%82%AD%E3%83%AC%E3%83%83%E3%83%88-8/dp/B00008GKDG/ref=sr_1_5?dchild=1&fst=as%3Aoff&qid=1597919263&refinements=p_76%3A2227292051&rnid=2227291051&rps=1&s=kitchen&sr=1-5,2084304447, オークション > 住まい、インテリア > 工具、DIY用品 > 建築材料、住宅設備 > 内装 > キッチン > IHクッキングヒーター（ビルトインタイプ）,ホーム＆キッチン › キッチン用品 › 鍋・フライパン › フライパン・炒め鍋 › フライパン,-,-,-,-,
3,B00063RWT8,LODGE (ロッジ) ロジッスキレット6 1/2インチ L3SK3,null,LODGE (ロッジ) ロジッスキレット6 1/2インチ L3SK3,<br>深さ: 3cm<br>仕様: 慣らし済み(大豆油)<br>厚み: 5mm<br>対応調理器具: 直火、IHクッキングヒーター、ハロゲンヒーター、オーブン、食器洗浄機<br>サイズ: 15.5φcm<br>生産国:アメリカ<br>,1972,3944,,de1aced3-e79b-4d43-9a76-7a65bf46a16e,,,,https://www.amazon.co.jp/LODGE-%E3%83%AD%E3%83%83%E3%82%B8-%E3%83%AD%E3%82%B8%E3%83%83%E3%82%B9%E3%82%AD%E3%83%AC%E3%83%83%E3%83%886-L3SK3-%E4%B8%A6%E8%A1%8C%E8%BC%B8%E5%85%A5%E5%93%81/dp/B00063RWT8/ref=sr_1_7?dchild=1&fst=as%3Aoff&qid=1597919263&refinements=p_76%3A2227292051&rnid=2227291051&rps=1&s=kitchen&sr=1-7,2084304447, オークション > 住まい、インテリア > 工具、DIY用品 > 建築材料、住宅設備 > 内装 > キッチン > IHクッキングヒーター（ビルトインタイプ）,スポーツ＆アウトドア › アウトドア › バーベキュー・クッキング用品 › クッカー・ダッチオーブン › ダッチオーブン・スキレット,-,-,-,-,
4,B003AZZS4K,三菱ケミカル・クリンスイ 浄水器 カートリッジ 交換用 MONOシリーズ ホワイト 約高さ9×直径5.5cm 13+2物質除去 MDCO1SW 2入,三菱レイヨン・クリンスイ,三菱ケミカル・クリンスイ 浄水器 カートリッジ 交換用 MONOシリーズ ホワイト 約高さ9×直径5.5cm 13+2物質除去 MDCO1SW 2入,2個入<br>本体サイズ：約高さ9×直径5.5cm<br>本体：ABS樹脂<br>生産国：日本<br>,4500,6750,,e9f076b0-70a4-468d-940a-3d400f4ac44e,,,,https://www.amazon.co.jp/%E4%B8%89%E8%8F%B1%E3%82%B1%E3%83%9F%E3%82%AB%E3%83%AB%E3%83%BB%E3%82%AF%E3%83%AA%E3%83%B3%E3%82%B9%E3%82%A4-%E3%82%AF%E3%83%AA%E3%83%B3%E3%82%B9%E3%82%A4%E3%83%A2%E3%83%8E%E3%82%B7%E3%83%AA%E3%83%BC%E3%82%BA%E7%94%A8%E4%BA%A4%E6%8F%9B%E3%82%AB%E3%83%BC%E3%83%88%E3%83%AA%E3%83%83%E3%82%B8-%E3%82%B9%E3%83%BC%E3%83%91%E3%83%BC%E3%83%8F%E3%82%A4%E3%82%B0%E3%83%AC%E3%83%BC%E3%83%89%E9%99%A4%E5%8E%BB%E7%89%A9%E8%B3%AA13-2%E5%80%8B%E5%85%A5-MDC01SW/dp/B003AZZS4K/ref=sr_1_8?dchild=1&fst=as%3Aoff&qid=1597919263&refinements=p_76%3A2227292051&rnid=2227291051&rps=1&s=kitchen&sr=1-8,2084222322, オークション > 住まい、インテリア > ペット用品 > 犬 > 服 > 小型犬用 > トップス > Tシャツ > XSサイズ以下,ホーム＆キッチン › キッチン用品 › 浄水器・整水器 › 浄水器・ポット交換カートリッジ › 蛇口用カートリッジ,-,-,-,-,
5,B0793JSH9B,サーモス 保冷缶ホルダー 350ml缶用 ブラック JCB-352 BK,null,サーモス 保冷缶ホルダー 350ml缶用 ブラック JCB-352 BK,ブラック<br>サイズ(約):幅7.5×奥行7.5×高さ11.5cm<br>素材･材質:本体/ステンレス鋼(アクリル樹脂塗装)、ラバーリング/シリコン<br>生産国:中国<br>適応サイズ:350ml缶用<br>真空断熱構造で、缶飲料の冷たさ長持ち<br>350ml缶にぴったり<br>様々なシーンで活躍。おうちでも、アウトドアでも<br>,1394,2788,,3b608bda-1a25-45d0-ab54-76655e27c4be,,,,https://www.amazon.co.jp/Thermos-Insulating-Holder-11-8-Cans/dp/B0793JSH9B/ref=sr_1_9?dchild=1&fst=as%3Aoff&qid=1597919263&refinements=p_76%3A2227292051&rnid=2227291051&rps=1&s=kitchen&sr=1-9,2084222322, オークション > 住まい、インテリア > ペット用品 > 犬 > 服 > 小型犬用 > トップス > Tシャツ > XSサイズ以下,ホーム＆キッチン › キッチン用品 › 弁当箱・水筒 › 水筒・マグボトル用アクセサリー,-,-,-,-,
6,B0746MMR6W,サーモス 水筒 真空断熱ケータイマグ 【ワンタッチオープンタイプ】 0.5L ジェットブラック JNL-503 JTB,null,サーモス 水筒 真空断熱ケータイマグ 【ワンタッチオープンタイプ】 0.5L ジェットブラック JNL-503 JTB,0.5L ジェットブラック 単品<br>サイズ(約):幅6.5×奥行7.5×高さ22cm、口径/4cm<br>素材・材質:本体/ステンレス鋼(アクリル樹脂塗装)、フタ/ポリプロピレン、飲み口・せん本体/ポリプロピレン、フタ・せんパッキン/シリコーン<br>生産国:フィリピン<br>保冷効力(6時間):10度以下<br>保温効力(6時間):68度以上<br>丸洗いOK ※本体は水中に放置しないでください。<br>容量:0.5L / 本体重量(約kg) 0.21<br>,2980,4470,,2ade6081-1deb-45ca-adb0-2e3402d665c1,,,,https://www.amazon.co.jp/%E3%82%B5%E3%83%BC%E3%83%A2%E3%82%B9-%E7%9C%9F%E7%A9%BA%E6%96%AD%E7%86%B1%E3%82%B1%E3%83%BC%E3%82%BF%E3%82%A4%E3%83%9E%E3%82%B0-%E3%80%90%E3%83%AF%E3%83%B3%E3%82%BF%E3%83%83%E3%83%81%E3%82%AA%E3%83%BC%E3%83%97%E3%83%B3%E3%82%BF%E3%82%A4%E3%83%97%E3%80%91-JNL-503-JTB/dp/B0746MMR6W/ref=sr_1_10?dchild=1&fst=as%3Aoff&qid=1597919263&refinements=p_76%3A2227292051&rnid=2227291051&rps=1&s=kitchen&sr=1-10,2084222322, オークション > 住まい、インテリア > ペット用品 > 犬 > 服 > 小型犬用 > トップス > Tシャツ > XSサイズ以下,ホーム＆キッチン › キッチン用品 › 弁当箱・水筒 › 水筒・マグボトル,-,-,-,-,
7,B079N31YPJ,ラウンドステップゴミ箱、4.5-liter / 1.2-gallon CW2070,null,ラウンドステップゴミ箱、4.5-liter / 1.2-gallon CW2070,ブラック<br>,10171,13223,,01c7bf37-22c0-4dbb-8581-bf17c97b2291,,,,https://www.amazon.co.jp/simplehuman-%E3%82%B7%E3%83%B3%E3%83%97%E3%83%AB%E3%83%92%E3%83%A5%E3%83%BC%E3%83%9E%E3%83%B3-CW2070-%E3%83%A9%E3%82%A6%E3%83%B3%E3%83%89%E3%82%B9%E3%83%86%E3%83%83%E3%83%97%E3%82%B4%E3%83%9F%E7%AE%B1%E3%80%814-5-liter-1-2-gallon/dp/B079N31YPJ/ref=sr_1_11?dchild=1&fst=as%3Aoff&qid=1597919263&refinements=p_76%3A2227292051&rnid=2227291051&rps=1&s=kitchen&sr=1-11,2084222322, オークション > 住まい、インテリア > ペット用品 > 犬 > 服 > 小型犬用 > トップス > Tシャツ > XSサイズ以下,ホーム＆キッチン › ゴミ箱・ゴミ入れ › フタ付きゴミ箱,-,-,-,-,
8,B07NGG8H7B,サーモス 水筒 真空断熱スポーツジャグ ブラックグレー 2.0L FFV-2000 BKGY,サーモス(THERMOS),サーモス 水筒 真空断熱スポーツジャグ ブラックグレー 2.0L FFV-2000 BKGY,2L ブラックグレー<br>サイズ(約):幅16×奥行13×高さ30cm、口径/7.5cm<br>素材・材質:内びん/ステンレス鋼、胴部/ステンレス鋼 (アクリル樹脂塗装)、フタ・ キャップ本体/ポリプロピレン (発泡ポリプロピレン内蔵)、ハンドル/ポリプロピレン・熱可塑性エラストマー、フタパッキン/シリコーン、シールパッキン/シリコーン<br>生産国:中国<br>容量:2L<br>保冷効力:9度以下 (6時間)<br>,3697,5546,,8ef8dea0-f6c3-4730-bd82-f090d8d710f3,,,,https://www.amazon.co.jp/%E3%82%B5%E3%83%BC%E3%83%A2%E3%82%B9-%E7%9C%9F%E7%A9%BA%E6%96%AD%E7%86%B1%E3%82%B9%E3%83%9D%E3%83%BC%E3%83%84%E3%82%B8%E3%83%A3%E3%82%B0-%E3%83%96%E3%83%A9%E3%83%83%E3%82%AF%E3%82%B0%E3%83%AC%E3%83%BC-FFV-2000-BKGY/dp/B07NGG8H7B/ref=sr_1_12?dchild=1&fst=as%3Aoff&qid=1597919263&refinements=p_76%3A2227292051&rnid=2227291051&rps=1&s=kitchen&sr=1-12,2084222322, オークション > 住まい、インテリア > ペット用品 > 犬 > 服 > 小型犬用 > トップス > Tシャツ > XSサイズ以下,ホーム＆キッチン › キッチン用品 › 弁当箱・水筒 › 水筒・マグボトル,-,-,-,-,
9,B074P7KWZ9,ブリタ 浄水器 ポット 浄水部容量:2.0L(全容量:3.5L) アルーナ XL マクストラプラス カートリッジ 1個付き 【日本仕様・日本正規品】 ホワイト,ブリタ(Brita),ブリタ 浄水器 ポット 浄水部容量:2.0L(全容量:3.5L) アルーナ XL マクストラプラス カートリッジ 1個付き 【日本仕様・日本正規品】 ホワイト,浄水部容量:2.0L 通常品 ホワイト<br>サイズ:幅24.5×奥行14.5×高さ25.4cm<br>付属品:マクストラプラスカートリッジ1個<br>★浄水部容量:2.0L(全体容量:3.5L)<br>材質:ASA樹脂、メタクリルスチレン ・除去物質:遊離残留塩素、CAT(農薬)、クロロホルム、溶解性鉛、テトラクロロエチレン、ブロモジクロロメタン、総トリハロメタン、トリクロロエチレン、ジブロモクロロメタン、2-MIB(かび臭)、1.1.1トリクロロエタン、プロモホルム<br>交換目安: 200リットルろ過(1日3.5リットルL使用の場合2ヶ月)<br>食洗機使用可<br>本体重量(kg):0.602<br>[R]炊飯方式: 通常品<br>衛生上の理由から、MAXTRA+ Universalカートリッジの中はシルバーで特殊加工されています。このため、ごく微量のシルバーが水に溶け出ることがあります。溶け出る量は、世界保健機構(WHO)が定めた飲料水質のガイドラインに適合しています。<br>,2680,4020,,590f9fb1-001f-4137-98f0-32af24fb102e,,,,https://www.amazon.co.jp/%E3%83%96%E3%83%AA%E3%82%BF-2-0L-%E3%83%9E%E3%82%AF%E3%82%B9%E3%83%88%E3%83%A9%E3%83%97%E3%83%A9%E3%82%B9-%E3%82%AB%E3%83%BC%E3%83%88%E3%83%AA%E3%83%83%E3%82%B8-%E3%80%90%E6%97%A5%E6%9C%AC%E4%BB%95%E6%A7%98%E3%83%BB%E6%97%A5%E6%9C%AC%E6%AD%A3%E8%A6%8F%E5%93%81%E3%80%91/dp/B074P7KWZ9/ref=sr_1_13?dchild=1&fst=as%3Aoff&qid=1597919263&refinements=p_76%3A2227292051&rnid=2227291051&rps=1&s=kitchen&sr=1-13,2084219802, オークション > 家電、AV、カメラ > キッチン、食卓 > 冷蔵庫 > 200リットル〜,ホーム＆キッチン › キッチン用品 › 浄水器・整水器 › 浄水ポット,-,-,-,-,
10,B01FVW3DF0,KitchenIQ Edge Grip 2 Stage Knife Sharpener 包丁研ぎ器 レッド,null,KitchenIQ Edge Grip 2 Stage Knife Sharpener 包丁研ぎ器 レッド,レッド<br>エッジやカウンターの上で使用するためのV-グリップボトム<br>高品質の金属 快適性とコントロールのためのソフトグリップハンドル<br>ストレートエッジブレード<br>使いやすいです。<br>スミス　コンシューマープロダクツ株式会社　1886以来エッジの専門家、米国で設計されています。<br>,1200,2400,,7072a105-8739-428c-b567-d843db19fa20,,,,https://www.amazon.co.jp/KitchenIQ-Stage-Knife-Sharpener-%E5%8C%85%E4%B8%81%E7%A0%94%E3%81%8E%E5%99%A8/dp/B01FVW3DF0/ref=sr_1_17?dchild=1&fst=as%3Aoff&qid=1597919263&refinements=p_76%3A2227292051&rnid=2227291051&rps=1&s=kitchen&sr=1-17,2084219802, オークション > 家電、AV、カメラ > キッチン、食卓 > 冷蔵庫 > 200リットル〜,ホーム＆キッチン › キッチン用品 › 調理・製菓道具 › 包丁・ナイフ・はさみ › 研ぎ器,-,-,-,-,
11,B001CQTLJM,KitchenIQ ナイフシャープナー 包丁研ぎ器　Edge Grip 2 Stage Knife Sharpener　並行輸入品,null,KitchenIQ ナイフシャープナー 包丁研ぎ器　Edge Grip 2 Stage Knife Sharpener　並行輸入品,<br>安定性と操作性を高める滑り止めの台座ベース。持ち手は滑らず安全・快適なソフトグリップラバーハンドル<br>,1200,2400,,353e9aef-4851-43f7-8fde-c9d197307634,,,,https://www.amazon.co.jp/KitchenIQ-%E3%83%8A%E3%82%A4%E3%83%95%E3%82%B7%E3%83%A3%E3%83%BC%E3%83%97%E3%83%8A%E3%83%BC-%E5%8C%85%E4%B8%81%E7%A0%94%E3%81%8E%E5%99%A8-Edge-Stage-Sharpener-%E4%B8%A6%E8%A1%8C%E8%BC%B8%E5%85%A5%E5%93%81/dp/B001CQTLJM/ref=sr_1_19?dchild=1&fst=as%3Aoff&qid=1597919263&refinements=p_76%3A2227292051&rnid=2227291051&rps=1&s=kitchen&sr=1-19,2084235713, オークション > 自動車、オートバイ > オートバイ > セキュリティ、セーフティ > ヘルメット、シールド > シールド > 汎用品 > フリップアップベース,ホーム＆キッチン › キッチン用品 › 調理・製菓道具 › 包丁・ナイフ・はさみ › 研ぎ器,-,-,-,-,
12,B07W96WCYR,タイガー魔法瓶(TIGER) マグボトル スノーホワイト 600ml MMZ-A602WW,null,タイガー魔法瓶(TIGER) マグボトル スノーホワイト 600ml MMZ-A602WW,600ml スノーホワイト 単品<br>サイズ: 6.6×6.6×25.1(幅×奥行×高さ㎝)<br>保温効力(6時間/1時間):76℃以上/89℃以上 ※保温効力とは、室温20度±2度において、製品に熱湯をせん下端まで満たし、縦置きにした状態で湯温が95度±1度のときから6時間放置した場合における湯の温度です。<br>保冷効力(6時間):7℃以下 ※保冷効力とは、室温20度±2度において、製品に冷水をせん下端まで満たし、縦置きにした状態で水温が4度±1度のときから6時間放置した場合における水の温度です。<br>本体丸洗いOK<br>なめらか飲み口<br>軽量モデル<br>,2361,3542,,01f1291c-5253-41c6-a12c-e5137029bc29,,,,https://www.amazon.co.jp/%E3%82%BF%E3%82%A4%E3%82%AC%E3%83%BC%E9%AD%94%E6%B3%95%E7%93%B6-TIGER-%E3%83%9E%E3%82%B0%E3%83%9C%E3%83%88%E3%83%AB-%E3%82%B9%E3%83%8E%E3%83%BC%E3%83%9B%E3%83%AF%E3%82%A4%E3%83%88-MMZ-A602WW/dp/B07W96WCYR/ref=sr_1_21?dchild=1&fst=as%3Aoff&qid=1597919263&refinements=p_76%3A2227292051&rnid=2227291051&rps=1&s=kitchen&sr=1-21,2084222322, オークション > 住まい、インテリア > ペット用品 > 犬 > 服 > 小型犬用 > トップス > Tシャツ > XSサイズ以下,ホーム＆キッチン › キッチン用品 › 弁当箱・水筒 › 水筒・マグボトル,-,-,-,-,
13,B07KKR6ZGY,Joseph Joseph (ジョセフジョセフ) 包丁収納 ドロワーオーガナイザー ナイフトレー ホワイト 85142,null,Joseph Joseph (ジョセフジョセフ) 包丁収納 ドロワーオーガナイザー ナイフトレー ホワイト 85142,<br>サイズ:14.3 x 39.8 x 7.5 cm<br>ナイフをを効率よく収納するオーガナイザー<br>最大で9本のナイフを収納できます<br>ユニークなデザインにより、引き出しの中のスペースを効率よく使えます<br>すべり止め付き<br>内寸高さ7.5cm以上の引き出しでご使用いただけます<br>材質:ポリプロピレン、熱可塑性エラストマー<br>耐熱温度:70℃<br>,2200,3300,,7ecb5714-7e49-4d2b-aa22-d793300167c6,,,,https://www.amazon.co.jp/Joseph-%E5%8C%85%E4%B8%81%E7%AB%8B%E3%81%A6-%E3%83%89%E3%83%AD%E3%83%AF%E3%83%BC%E3%82%AA%E3%83%BC%E3%82%AC%E3%83%8A%E3%82%A4%E3%82%B6%E3%83%BC-%E3%83%8A%E3%82%A4%E3%83%95%E3%83%88%E3%83%AC%E3%83%BC-85142/dp/B07KKR6ZGY/ref=sr_1_22?dchild=1&fst=as%3Aoff&qid=1597919263&refinements=p_76%3A2227292051&rnid=2227291051&rps=1&s=kitchen&sr=1-22,2084063509, オークション > 住まい、インテリア > キッチン、食器 > 調理器具 > 刃物 > 包丁 > 洋包丁 > ペティナイフ,ホーム＆キッチン › 収納用品 › キッチン収納 › 包丁立て,-,-,-,-,
14,B0009WCIDQ,貝印 KAI ピーラー(皮むき器)SELECT100 T型 DH3000,貝印(Kai Corporation),貝印 KAI ピーラー(皮むき器)SELECT100 T型 DH3000,単品 T型<br>野菜の表面を滑るように、軽くて薄い切れ味の、斜め刃のステンレスピーラーです。<br>セレクト100シリーズの中でも、大好評のヒットアイテムです。<br>メーカー型番: DH-3000<br>サイズ: 11×137×68mm<br>重量: 57g<br>材質: 刃/ステンレス刃物鋼、本体/18-8ステンレススチール<br>生産国:中国<br>,853,2133,,7a07f56f-c3b2-4cbc-84ec-6231d6465424,,,,https://www.amazon.co.jp/%E8%B2%9D%E5%8D%B0-KAI-%E3%83%94%E3%83%BC%E3%83%A9%E3%83%BC-SELECT100-DH3000/dp/B0009WCIDQ/ref=sr_1_23?dchild=1&fst=as%3Aoff&qid=1597919263&refinements=p_76%3A2227292051&rnid=2227291051&rps=1&s=kitchen&sr=1-23,2084063509, オークション > 住まい、インテリア > キッチン、食器 > 調理器具 > 刃物 > 包丁 > 洋包丁 > ペティナイフ,ホーム＆キッチン › キッチン用品 › 調理・製菓道具 › 調理器具 › ピーラー・皮むき器,-,-,-,-,
